temps,int_Rheel_inter,int_Rheel_ext,int_Rmiddle_inter,int_Rmiddle_ext,int_Rfinger
0,0,0,0,0,0
0.0010941028594970703,0,0,0,0,0
0.0013396739959716797,0,0,0,0,0
0.0015270709991455078,0,0,0,0,0
0.001743316650390625,0,0,0,0,0
0.001931905746459961,0,0,0,0,0
0.002082347869873047,0,0,0,0,0
0.0022211074829101562,0,0,0,0,0
0.002702474594116211,0,0,0,0,0
0.0029587745666503906,0,0,0,0,0
0.003196239471435547,0,0,0,0,0
0.003471851348876953,0,0,0,0,0
0.004148960113525391,0,0,0,0,0
0.005316734313964844,0,0,0,0,0
0.005839347839355469,0,0,0,0,0
0.0062634944915771484,0,0,0,0,0
0.00677943229675293,0,0,0,0,0
0.007404327392578125,0,0,0,0,0
0.007717609405517578,0,0,0,0,0
0.008057355880737305,0,0,0,0,0
0.008363723754882812,0,0,0,0,0
0.011788368225097656,0,0,0,0,0
0.012448787689208984,0,0,0,0,0
0.013124465942382812,0,0,0,0,0
0.014246225357055664,0,0,0,0,0
0.014827251434326172,0,0,0,0,0
0.015480756759643555,0,0,0,0,0
0.016110658645629883,0,0,0,0,0
0.016836881637573242,0,0,0,0,0
0.017804861068725586,0,0,0,0,0
0.01834726333618164,0,0,0,0,0
0.01924276351928711,0,0,0,0,0
0.020757675170898438,0,0,0,0,0
0.021315574645996094,0,0,0,0,0
0.02215886116027832,0,0,0,0,0
0.022869586944580078,0,0,0,0,0
0.025353431701660156,0,0,0,0,0
0.02609395980834961,0,0,0,0,0
0.026497840881347656,0,0,0,0,0
0.0281522274017334,0,0,0,0,0
0.02872323989868164,0,0,0,0,0
0.02938985824584961,0,0,0,0,0
0.02997303009033203,0,0,0,0,0
0.030488252639770508,0,0,0,0,0
0.03239941596984863,0,0,0,0,0
0.03295540809631348,0,0,0,0,0
0.03342890739440918,0,0,0,0,0
0.034407615661621094,0,0,0,0,0
0.035294532775878906,0,0,0,0,0
0.03615975379943848,0,0,0,0,0
0.03680706024169922,0,0,0,0,0
0.037784576416015625,0,0,0,0,0
0.0386662483215332,0,0,0,0,0
0.03938722610473633,0,0,0,0,0
0.041582584381103516,0,0,0,0,0
0.04282116889953613,0,0,0,0,0
0.04374194145202637,0,0,0,0,0
0.04462480545043945,0,0,0,0,0
0.04537367820739746,0,0,0,0,0
0.04735541343688965,0,0,0,0,0
0.04796242713928223,0,0,0,0,0
0.04954195022583008,0,0,0,0,0
0.05199861526489258,0,0,0,0,0
0.052603960037231445,0,0,0,0,0
0.053343772888183594,0,0,0,0,0
0.05408668518066406,0,0,0,0,0
0.05529618263244629,0,0,0,0,0
0.05597043037414551,0,0,0,0,0
0.056658267974853516,0,0,0,0,0
0.05786871910095215,0,0,0,0,0
0.05855059623718262,0,0,0,0,0
0.05939769744873047,0,0,0,0,0
0.060117244720458984,0,0,0,0,0
0.060910701751708984,0,0,0,0,0
0.061975717544555664,0,0,0,0,0
0.0637812614440918,0,0,0,0,0
0.06728219985961914,0,0,0,0,0
0.06808996200561523,0,0,0,0,0
0.06881213188171387,0,0,0,0,0
0.07136368751525879,0,0,0,0,0
0.07193732261657715,0,0,0,0,0
0.07345175743103027,0,0,0,0,0
0.07478213310241699,0,0,0,0,0
0.07575750350952148,0,0,0,0,0
0.07652401924133301,0,0,0,0,0
0.07743453979492188,0,0,0,0,0
0.07954525947570801,0,0,0,0,0
0.08038449287414551,0,0,0,0,0
0.08118867874145508,0,0,0,0,0
0.08282256126403809,0,0,0,0,0
0.08433842658996582,0,0,0,0,0
0.0855715274810791,0,0,0,0,0
0.0864725112915039,0,0,0,0,0
0.08737063407897949,0,0,0,0,0
0.0884103775024414,0,0,0,0,0
0.08927536010742188,0,0,0,0,0
0.09198999404907227,0,0,0,0,0
0.09279966354370117,0,0,0,0,0
0.09363102912902832,0,0,0,0,0
0.09432172775268555,0,0,0,0,0
0.09513139724731445,0,0,0,0,0
0.09593033790588379,0,0,0,0,0
0.09815144538879395,0,0,0,0,0
0.09902620315551758,0,0,0,0,0
0.10088706016540527,0,0,0,0,0
0.10168266296386719,0,0,0,0,0
0.10367918014526367,0,0,0,0,0
0.10468006134033203,0,0,0,0,0
0.10551881790161133,0,0,0,0,0
0.10765695571899414,0,0,0,0,0
0.11041069030761719,0,0,0,0,0
0.11162900924682617,0,0,0,0,0
0.11558794975280762,0,0,0,0,0
0.11653304100036621,0,0,0,0,0
0.1177525520324707,0,0,0,0,0
0.11867046356201172,0,0,0,0,0
0.11950397491455078,0,0,0,0,0
0.12157273292541504,0,0,0,0,0
0.12269830703735352,0,0,0,0,0
0.12491178512573242,0,0,0,0,0
0.12592172622680664,0,0,0,0,0
0.12807989120483398,0,0,0,0,0
0.12898635864257812,0,0,0,0,0
0.12993907928466797,0,0,0,0,0
0.13170933723449707,0,0,0,0,0
0.13340449333190918,0,0,0,0,0
0.13437676429748535,0,0,0,0,0
0.13712048530578613,0,0,0,0,0
0.13821125030517578,0,0,0,0,0
0.1396007537841797,0,0,0,0,0
0.14091038703918457,0,0,0,0,0
0.14208626747131348,0,0,0,0,0
0.1440575122833252,0,0,0,0,0
0.14508652687072754,0,0,0,0,0
0.1477978229522705,0,0,0,0,0
0.1488323211669922,0,0,0,0,0
0.15059137344360352,0,0,0,0,0
0.15148186683654785,0,0,0,0,0
0.15242505073547363,0,0,0,0,0
0.15430426597595215,0,0,0,0,0
0.15522384643554688,0,0,0,0,0
0.15615010261535645,0,0,0,0,0
0.15816235542297363,0,0,0,0,0
0.15922927856445312,0,0,0,0,0
0.16103458404541016,0,0,0,0,0
0.16197514533996582,0,0,0,0,0
0.16290855407714844,0,0,0,0,0
0.163926362991333,0,0,0,0,0
0.16702032089233398,0,0,0,0,0
0.16863727569580078,0,0,0,0,0
0.17098569869995117,0,0,0,0,0
0.1752784252166748,0,0,0,0,0
0.17686152458190918,0,0,0,0,0
0.17796635627746582,0,0,0,0,0
0.1793057918548584,0,0,0,0,0
0.18157029151916504,0,0,0,0,0
0.1828138828277588,0,0,0,0,0
0.18598461151123047,0,0,0,0,0
0.1877279281616211,0,0,0,0,0
0.18897104263305664,0,0,0,0,0
0.19002485275268555,0,0,0,0,0
0.19112825393676758,0,0,0,0,0
0.1944270133972168,0,0,0,0,0
0.1955561637878418,0,0,0,0,0
0.19804120063781738,0,0,0,0,0
0.19912099838256836,0,0,0,0,0
0.20057129859924316,0,0,0,0,0
0.2016315460205078,0,0,0,0,0
0.20284748077392578,0,0,0,0,0
0.205718994140625,0,0,0,0,0
0.2068955898284912,0,0,0,0,0
0.20969724655151367,0,0,0,0,0
0.21204638481140137,0,0,0,0,0
0.21346092224121094,0,0,0,0,0
0.2157604694366455,0,0,0,0,0
0.2173759937286377,0,0,0,0,0
0.21875691413879395,0,0,0,0,0
0.2202010154724121,0,0,0,0,0
0.2214059829711914,0,0,0,0,0
0.22381138801574707,0,0,0,0,0
0.22510004043579102,0,0,0,0,0
0.2264094352722168,0,0,0,0,0
0.22764968872070312,0,0,0,0,0
0.2288527488708496,0,0,0,0,0
0.23062610626220703,0,0,0,0,0
0.23260903358459473,0,0,0,0,0
0.23450613021850586,0,0,0,0,0
0.23628616333007812,0,0,0,0,0
0.23809504508972168,0,0,0,0,0
0.23938798904418945,0,0,0,0,0
0.24053382873535156,0,0,0,0,0
0.24199914932250977,0,0,0,0,0
0.243699312210083,0,0,0,0,0
0.24579858779907227,0,0,0,0,0
0.248183012008667,0,0,0,0,0
0.2507188320159912,0,0,0,0,0
0.2521216869354248,0,0,0,0,0
0.2533135414123535,0,0,0,0,0
0.2547285556793213,0,0,0,0,0
0.2560763359069824,0,0,0,0,0
0.25855207443237305,0,0,0,0,0
0.26125359535217285,0,0,0,0,0
0.2627565860748291,0,0,0,0,0
0.2637927532196045,0,0,0,0,0
0.2650437355041504,0,0,0,0,0
0.2676727771759033,0,0,0,0,0
0.26912403106689453,0,0,0,0,0
0.27048587799072266,0,0,0,0,0
0.2735762596130371,0,0,0,0,0
0.2757093906402588,0,0,0,0,0
0.27785778045654297,0,0,0,0,0
0.2811405658721924,0,0,0,0,0
0.28258466720581055,0,0,0,0,0
0.2843494415283203,0,0,0,0,0
0.2855827808380127,0,0,0,0,0
0.28913044929504395,0,0,0,0,0
0.29064297676086426,0,0,0,0,0
0.29364013671875,0,0,0,0,0
0.2950441837310791,0,0,0,0,0
0.296370267868042,0,0,0,0,0
0.29804563522338867,0,0,0,0,0
0.29964613914489746,0,0,0,0,0
0.30218052864074707,0,0,0,0,0
0.3034951686859131,0,0,0,0,0
0.3056926727294922,0,0,0,0,0
0.30733251571655273,0,0,0,0,0
0.3098015785217285,0,0,0,0,0
0.3118913173675537,0,0,0,0,0
0.3150455951690674,0,0,0,0,0
0.3187739849090576,0,0,0,0,0
0.31996655464172363,0,0,0,0,0
0.32384705543518066,0,0,0,0,0
0.3251972198486328,0,0,0,0,0
0.3268415927886963,0,0,0,0,0
0.3282492160797119,0,0,0,0,0
0.3296382427215576,0,0,0,0,0
0.33246350288391113,0,0,0,0,0
0.334730863571167,0,0,0,0,0
0.337343692779541,0,0,0,0,0
0.33886122703552246,0,0,0,0,0
0.3411245346069336,0,0,0,0,0
0.34273219108581543,0,0,0,0,0
0.3453187942504883,0,0,0,0,0
0.34912919998168945,0,0,0,0,0
0.3511521816253662,0,0,0,0,0
0.35321903228759766,0,0,0,0,0
0.35669660568237305,0,0,0,0,0
0.3587050437927246,0,0,0,0,0
0.36068296432495117,0,0,0,0,0
0.36245036125183105,0,0,0,0,0
0.3639824390411377,0,0,0,0,0
0.3674027919769287,0,0,0,0,0
0.36905884742736816,0,0,0,0,0
0.3731038570404053,0,0,0,0,0
0.37583184242248535,0,0,0,0,0
0.37775301933288574,0,0,0,0,0
0.3797476291656494,0,0,0,0,0
0.3814270496368408,0,0,0,0,0
0.38540101051330566,0,0,0,0,0
0.38750123977661133,0,0,0,0,0
0.3905203342437744,0,0,0,0,0
0.39351892471313477,0,0,0,0,0
0.39532899856567383,0,0,0,0,0
0.39719200134277344,0,0,0,0,0
0.39934396743774414,0,0,0,0,0
0.40200090408325195,0,0,0,0,0
0.4037189483642578,0,0,0,0,0
0.40672826766967773,0,0,0,0,0
0.40982604026794434,0,0,0,0,0
0.41160130500793457,0,0,0,0,0
0.41312742233276367,0,0,0,0,0
0.4147510528564453,0,0,0,0,0
0.41777920722961426,0,0,0,0,0
0.4196772575378418,0,0,0,0,0
0.4221782684326172,0,0,0,0,0
0.42452430725097656,0,0,0,0,0
0.4266068935394287,0,0,0,0,0
0.4283945560455322,0,0,0,0,0
0.43021368980407715,0,1,0,0,0
0.4321315288543701,0,0,0,0,0
0.43451905250549316,0,0,0,0,0
0.43744373321533203,0,0,0,0,0
0.44062018394470215,0,0,0,0,0
0.44341492652893066,0,0,0,0,0
0.44555091857910156,0,0,0,0,0
0.44896411895751953,0,0,0,0,0
0.4506964683532715,0,0,0,0,0
0.4549140930175781,0,0,0,0,0
0.4573643207550049,0,0,0,0,0
0.4589860439300537,0,0,0,0,0
0.4612455368041992,0,0,0,0,0
0.4635918140411377,0,0,0,0,0
0.4653129577636719,0,0,0,0,0
0.4671471118927002,0,0,0,0,0
0.4687459468841553,0,0,0,0,0
0.47172975540161133,0,0,0,0,0
0.4738774299621582,0,0,0,0,0
0.47631096839904785,0,0,0,0,0
0.4784667491912842,0,0,0,0,0
0.48067307472229004,0,0,0,0,0
0.4825894832611084,0,0,0,0,0
0.48610424995422363,0,0,0,0,0
0.49009013175964355,0,0,0,0,0
0.49380016326904297,0,0,0,0,0
0.4954190254211426,0,0,0,0,0
0.4989316463470459,0,0,0,0,0
0.5007219314575195,0,0,0,0,0
0.5024266242980957,0,0,0,0,0
0.5041167736053467,0,0,0,0,0
0.5065820217132568,0,0,0,0,0
0.5091288089752197,0,0,0,0,0
0.5123195648193359,0,0,0,0,0
0.5142953395843506,0,0,0,0,0
0.5163092613220215,0,0,0,0,0
0.5183103084564209,0,0,0,0,0
0.5202312469482422,0,0,0,0,0
0.5235316753387451,0,0,0,0,0
0.5256133079528809,0,0,0,0,0
0.528550386428833,0,0,0,0,0
0.530775785446167,0,0,0,0,0
0.5348527431488037,0,0,0,0,0
0.5364220142364502,0,0,0,0,0
0.5385856628417969,0,0,0,0,0
0.5403203964233398,0,0,0,0,0
0.5440008640289307,0,0,0,0,0
0.5459346771240234,0,0,0,0,0
0.5482754707336426,0,0,0,0,0
0.5501325130462646,0,0,0,0,0
0.5521674156188965,0,0,0,0,0
0.554309606552124,0,0,0,0,0
0.5564401149749756,0,0,0,0,0
0.5595083236694336,0,0,0,0,0
0.5625076293945312,0,0,0,0,0
0.5665888786315918,0,0,0,0,0
0.5697822570800781,0,0,0,0,0
0.5740456581115723,0,0,0,0,0
0.5765163898468018,0,0,0,0,0
0.5789916515350342,0,0,0,0,0
0.5826215744018555,0,0,0,0,0
0.5847282409667969,0,0,0,0,0
0.5866916179656982,0,0,0,0,0
0.5909814834594727,0,0,0,0,0
0.5937294960021973,0,0,0,0,0
0.5961034297943115,0,0,0,0,0
0.5979824066162109,0,0,0,0,0
0.6007227897644043,0,0,0,0,0
0.6027565002441406,0,0,0,0,0
0.6056513786315918,0,0,0,0,0
0.608027458190918,0,0,0,0,0
0.6099367141723633,0,0,0,0,0
0.6118035316467285,0,0,0,0,0
0.6143069267272949,0,0,0,0,0
0.6172389984130859,0,0,0,0,0
0.619617223739624,0,0,0,0,0
0.6220433712005615,0,0,0,0,0
0.625032901763916,0,0,0,0,0
0.627455472946167,0,0,0,0,0
0.6302993297576904,0,0,0,0,0
0.6324319839477539,0,0,0,0,0
0.6348810195922852,0,0,0,0,0
0.6370730400085449,0,0,0,0,0
0.6394236087799072,0,0,0,0,0
0.6430702209472656,0,0,0,0,0
0.648773193359375,0,0,0,0,0
0.6510000228881836,0,0,0,0,0
0.6549520492553711,0,0,0,0,0
0.6577811241149902,0,0,0,0,0
0.6605410575866699,0,0,0,0,0
0.6630334854125977,0,0,0,0,0
0.666278600692749,0,0,0,0,0
0.6686358451843262,0,0,0,0,0
0.6732587814331055,0,0,0,0,0
0.6752912998199463,0,0,0,0,0
0.6787383556365967,0,0,0,0,0
0.6817150115966797,0,0,0,0,0
0.68393874168396,0,0,0,0,0
0.6883337497711182,0,0,0,0,0
0.6908252239227295,0,0,0,0,0
0.6928608417510986,0,0,0,0,0
0.6953277587890625,0,0,0,0,0
0.698798656463623,0,0,0,0,0
0.7017765045166016,0,0,0,0,0
0.7040469646453857,0,0,0,0,0
0.7063772678375244,0,0,0,0,0
0.7095894813537598,0,0,0,0,0
0.7125740051269531,0,0,0,0,0
0.7171273231506348,0,0,0,0,0
0.7205042839050293,0,0,0,0,0
0.7234606742858887,0,0,0,0,0
0.7259368896484375,0,0,0,0,0
0.7281224727630615,0,0,0,0,0
0.731846809387207,0,0,0,0,0
0.7340407371520996,0,0,0,0,0
0.737621545791626,0,0,0,0,0
0.7406220436096191,0,0,0,0,0
0.7430381774902344,0,0,0,0,0
0.7452325820922852,0,0,0,0,0
0.7474899291992188,0,0,0,0,0
0.7499752044677734,0,0,0,0,0
0.7522404193878174,0,0,0,0,0
0.754554033279419,0,0,0,0,0
0.7578892707824707,0,0,0,0,0
0.760892391204834,0,0,0,0,0
0.763218879699707,0,0,0,0,0
0.7658207416534424,0,0,0,0,0
0.7683520317077637,0,0,0,0,0
0.7714614868164062,0,0,0,0,0
0.7744531631469727,0,0,0,0,0
0.7789826393127441,0,0,0,0,0
0.7835948467254639,0,0,0,0,0
0.7857916355133057,0,0,0,0,0
0.7879428863525391,0,0,0,0,0
0.7901041507720947,0,0,0,0,0
0.792243480682373,0,0,0,0,0
0.7943539619445801,0,0,0,0,0
0.7966434955596924,0,0,0,0,0
0.7990663051605225,0,0,0,0,0
0.8016490936279297,0,0,0,0,0
0.8041749000549316,0,0,0,0,0
0.8080389499664307,0,0,0,0,0
0.8119306564331055,0,0,0,0,0
0.8190803527832031,0,0,0,0,0
0.8248848915100098,0,0,0,0,0
0.8286798000335693,0,0,0,0,0
0.8318841457366943,0,0,0,0,0
0.835160493850708,0,0,0,0,0
0.8376257419586182,0,0,0,0,0
0.8409104347229004,0,0,0,0,0
0.8455660343170166,0,0,0,0,0
0.8482434749603271,0,0,0,0,0
0.8513538837432861,0,0,0,0,0
0.856619119644165,0,0,0,0,0
0.8615012168884277,0,0,0,0,0
0.864069938659668,0,0,0,0,0
0.8663585186004639,0,0,0,0,0
0.8689923286437988,0,0,0,0,0
0.8718795776367188,0,0,0,0,0
0.8743174076080322,0,0,0,0,0
0.8782446384429932,0,0,0,0,0
0.8819015026092529,0,0,0,0,0
0.8871939182281494,0,0,0,0,0
0.8907344341278076,0,0,0,0,0
0.8941733837127686,0,0,0,0,0
0.8978996276855469,0,0,0,0,0
0.9011502265930176,0,0,0,0,0
0.904541015625,0,0,0,0,0
0.9089922904968262,0,0,0,0,0
0.9126543998718262,0,0,0,0,0
0.9156637191772461,0,0,0,0,0
0.9184849262237549,0,0,0,0,0
0.9209520816802979,0,0,0,0,0
0.9249796867370605,0,0,0,0,0
0.9277939796447754,0,0,0,0,0
0.9319100379943848,0,0,0,0,0
0.9345107078552246,0,0,0,0,0
0.9373173713684082,0,0,0,0,0
0.9396789073944092,0,0,0,0,0
0.942833662033081,0,0,0,0,0
0.9467532634735107,0,0,0,0,0
0.9496073722839355,0,0,0,0,0
0.9535844326019287,0,0,0,0,0
0.9569406509399414,0,0,0,0,0
0.9597880840301514,0,0,0,0,0
0.9628884792327881,0,0,0,0,0
0.9664649963378906,0,0,0,0,0
0.9696059226989746,0,0,0,0,0
0.9728691577911377,0,0,0,0,0
0.9776430130004883,0,0,0,0,0
0.9801015853881836,0,0,0,0,0
0.9841763973236084,0,0,0,0,0
0.9865427017211914,0,0,0,0,0
0.9913182258605957,0,0,0,0,0
0.9937355518341064,0,0,0,0,0
0.9967746734619141,0,0,0,0,0
1.00187349319458,0,0,0,0,0
1.0061779022216797,0,0,0,0,0
1.0087239742279053,0,0,0,0,0
1.011786937713623,0,0,0,0,0
1.0162689685821533,0,0,0,0,0
1.0230462551116943,0,0,0,0,0
1.0288197994232178,0,0,0,0,0
1.0326833724975586,0,0,0,0,0
1.0360300540924072,0,0,0,0,0
1.0386450290679932,0,0,0,0,0
1.0439872741699219,0,0,0,0,0
1.0466480255126953,0,0,0,0,0
1.0499560832977295,0,0,0,0,0
1.053013801574707,0,0,0,0,0
1.0570142269134521,0,0,0,0,0
1.0599651336669922,0,0,0,0,0
1.0659704208374023,0,0,0,0,0
1.0696349143981934,0,0,0,0,0
1.072749376296997,0,0,0,0,0
1.0754013061523438,0,0,0,0,0
1.0782005786895752,0,0,0,0,0
1.0825819969177246,0,0,0,0,0
1.0863027572631836,0,0,0,0,0
1.0911378860473633,0,0,0,0,0
1.0961780548095703,0,0,0,0,0
1.1007099151611328,0,0,0,0,0
1.105264663696289,0,0,0,0,0
1.1301679611206055,0,0,0,0,0
1.1346161365509033,0,0,0,0,0
1.1483557224273682,0,0,0,0,0
1.1539902687072754,0,0,0,0,0
1.1573071479797363,0,0,0,0,0
1.1603305339813232,0,0,0,0,0
1.16325044631958,0,0,0,0,0
1.1676042079925537,0,0,0,0,0
1.170868158340454,0,0,0,0,0
1.1754014492034912,0,0,0,0,0
1.1784424781799316,0,0,0,0,0
1.181626796722412,0,0,0,0,0
1.1851692199707031,0,0,0,0,0
1.1892573833465576,0,0,0,0,0
1.1925034523010254,0,0,0,0,0
1.195770263671875,0,0,0,0,0
1.1994030475616455,0,0,0,0,0
1.2034502029418945,0,0,0,0,0
1.2076773643493652,0,0,0,0,0
1.211979866027832,0,0,0,0,0
1.2155554294586182,0,0,0,0,0
1.2183058261871338,0,0,0,0,0
1.2210116386413574,0,0,0,0,0
1.228468656539917,0,0,0,0,0
1.231250286102295,0,0,0,0,0
1.233950138092041,0,0,0,0,0
1.2373368740081787,0,0,0,0,0
1.2400238513946533,0,0,0,0,0
1.2431271076202393,0,0,0,0,0
1.2470626831054688,0,0,0,0,0
1.2520346641540527,0,0,0,0,0
1.2560169696807861,0,0,0,0,0
1.2599050998687744,0,0,0,0,0
1.26369047164917,0,0,0,0,0
1.267303466796875,0,0,0,0,0
1.2729203701019287,0,0,0,0,0
1.2756989002227783,0,0,0,0,0
1.2790327072143555,0,0,0,0,0
1.2820358276367188,0,0,0,0,0
1.2848737239837646,0,0,0,0,0
1.291079044342041,0,0,0,0,0
1.2939157485961914,0,0,0,0,0
1.297175407409668,0,0,0,0,0
1.3023135662078857,0,0,0,0,0
1.3054759502410889,0,0,0,0,0
1.3084027767181396,0,0,0,0,0
1.3113291263580322,0,0,0,0,0
1.3142259120941162,0,0,0,0,0
1.31943678855896,0,0,0,0,0
1.3232457637786865,0,0,0,0,0
1.328568935394287,0,0,0,0,0
1.3329784870147705,0,0,0,0,0
1.3379805088043213,0,0,0,0,0
1.3418807983398438,0,0,0,0,0
1.346144437789917,0,0,0,0,0
1.3522167205810547,0,0,0,0,0
1.3556499481201172,0,0,0,0,0
1.361943244934082,0,0,0,0,0
1.3680412769317627,0,0,0,0,0
1.371171474456787,0,0,0,0,0
1.3765501976013184,0,0,0,0,0
1.3822553157806396,0,0,0,0,0
1.3873960971832275,0,0,0,0,0
1.3904764652252197,0,0,0,0,0
1.3934457302093506,0,0,0,0,0
1.398219347000122,0,0,0,0,0
1.4017071723937988,0,0,0,0,0
1.4050030708312988,0,0,0,0,0
1.4082343578338623,0,0,0,0,0
1.4149930477142334,0,0,0,0,0
1.41921067237854,0,0,0,0,0
1.4276666641235352,0,0,0,0,0
1.432237148284912,0,0,0,0,0
1.435596227645874,0,0,0,0,0
1.4390034675598145,0,0,0,0,0
1.4422276020050049,0,0,0,0,0
1.4488587379455566,0,0,0,0,0
1.4546749591827393,0,0,0,0,0
1.4643950462341309,0,0,0,0,0
1.4709527492523193,0,0,0,0,0
1.4777355194091797,0,0,0,0,0
1.483400583267212,0,0,0,0,0
1.4868907928466797,0,0,0,0,0
1.4911603927612305,0,0,0,0,0
1.4964635372161865,0,0,0,0,0
1.5018339157104492,0,0,0,0,0
1.5054495334625244,0,0,0,0,0
1.5128564834594727,0,0,0,0,0
1.5174987316131592,0,0,0,0,0
1.5263643264770508,0,0,0,0,0
1.5329937934875488,0,0,0,0,0
1.5380113124847412,0,0,0,0,0
1.541149377822876,0,0,0,0,0
1.5469648838043213,0,0,0,0,0
1.5512962341308594,0,0,0,0,0
1.5558576583862305,0,0,0,0,0
1.561354398727417,0,0,0,0,0
1.5676419734954834,0,0,0,0,0
1.5755136013031006,0,0,0,0,0
1.5793654918670654,0,0,0,0,0
1.584571361541748,0,0,0,0,0
1.5890429019927979,0,0,0,0,0
1.6053431034088135,0,0,0,0,0
1.625176191329956,0,0,0,0,0
1.6355953216552734,0,0,0,0,0
1.6417558193206787,0,0,0,0,0
1.648122787475586,0,0,0,0,0
1.653968095779419,0,0,0,0,0
1.6608867645263672,0,0,0,0,0
1.6756432056427002,0,0,0,0,0
1.6804442405700684,0,0,0,0,0
1.6868324279785156,0,0,0,0,0
1.6924784183502197,0,0,0,0,0
1.7018153667449951,0,0,0,0,0
1.7105610370635986,0,0,0,0,0
1.7177386283874512,0,0,0,0,0
1.721648931503296,0,0,0,0,0
1.7248971462249756,0,0,0,0,0
1.7306292057037354,0,0,0,0,0
1.7339670658111572,0,0,0,0,0
1.7375552654266357,0,0,0,0,0
1.7428574562072754,0,0,0,0,0
1.7483851909637451,0,0,0,0,0
1.7515363693237305,0,0,0,0,0
1.7551283836364746,0,0,0,0,0
1.7585837841033936,0,0,0,0,0
1.7624032497406006,0,0,0,0,0
1.7658662796020508,0,0,0,0,0
1.770843505859375,0,0,0,0,0
1.7766814231872559,0,0,0,0,0
1.7811872959136963,0,0,0,0,0
1.7856955528259277,0,0,0,0,0
1.7923295497894287,0,0,0,0,0
1.7961766719818115,0,0,0,0,0
1.8014194965362549,0,0,0,0,0
1.8074259757995605,0,0,0,0,0
1.8112008571624756,0,0,0,0,0
1.8144893646240234,0,0,0,0,0
1.8214173316955566,0,0,0,0,0
1.8284077644348145,0,0,0,0,0
1.831883430480957,0,0,0,0,0
1.8357131481170654,0,0,0,0,0
1.844148874282837,0,0,0,0,0
1.8508665561676025,0,0,0,0,0
1.8571524620056152,0,0,0,0,0
1.8605830669403076,0,0,0,0,0
1.8668971061706543,0,0,0,0,0
1.8706395626068115,0,0,0,0,0
1.9042999744415283,0,0,0,0,0
1.9100062847137451,0,0,0,0,0
1.919703722000122,0,0,0,0,0
1.9332847595214844,0,0,0,0,0
1.940854787826538,0,0,0,0,0
1.9477174282073975,0,0,0,0,0
1.9555461406707764,0,0,0,0,0
1.9629230499267578,0,0,0,0,0
1.9696323871612549,0,0,0,0,0
1.9784157276153564,0,0,0,0,0
1.9837455749511719,0,0,0,0,0
1.9976000785827637,0,0,0,0,0
2.004901170730591,0,0,0,0,0
2.016777992248535,0,0,0,0,0
2.022796869277954,0,0,0,0,0
2.0314223766326904,0,0,0,0,0
2.036637544631958,0,0,0,0,0
2.043703556060791,0,0,0,0,0
2.0477025508880615,0,0,0,0,0
2.0523135662078857,0,0,0,0,0
2.0613927841186523,0,0,0,0,0
2.0681469440460205,0,0,0,0,0
2.078493595123291,0,0,0,0,0
2.0857324600219727,0,0,0,0,0
2.092154026031494,0,0,0,0,0
2.0982699394226074,0,0,0,0,0
2.104477882385254,0,0,0,0,0
2.1080071926116943,0,0,0,0,0
2.111351490020752,0,0,0,0,0
2.115025043487549,0,0,0,0,0
2.1185824871063232,0,0,0,0,0
2.1247453689575195,0,0,0,0,0
2.128307342529297,0,0,0,0,0
2.133084535598755,0,0,0,0,0
2.1384811401367188,0,0,0,0,0
2.1424801349639893,0,0,0,0,0
2.146094799041748,0,0,0,0,0
2.149866819381714,0,0,0,0,0
2.1540496349334717,0,0,0,0,0
2.158721446990967,0,0,0,0,0
2.1633434295654297,0,0,0,0,0
2.169173002243042,0,0,0,0,0
2.1733956336975098,0,0,0,0,0
2.1773617267608643,0,0,0,0,0
2.1838128566741943,0,0,0,0,0
2.190441370010376,0,0,0,0,0
2.2002038955688477,0,0,0,0,0
2.207509756088257,0,0,0,0,0
2.2187235355377197,0,0,0,0,0
2.2305994033813477,0,0,0,0,0
2.234565496444702,0,0,0,0,0
2.239912271499634,0,0,0,0,0
2.245424509048462,0,0,0,0,0
2.2538256645202637,0,0,0,0,0
2.258138418197632,0,0,0,0,0
2.2620229721069336,0,0,0,0,0
2.267237901687622,0,0,0,0,0
2.2728824615478516,0,0,0,0,0
2.277092933654785,0,0,0,0,0
2.2824974060058594,0,0,0,0,0
2.2937967777252197,0,0,0,0,0
2.300114631652832,0,0,0,0,0
2.3082313537597656,0,0,0,0,0
2.3233885765075684,0,0,0,0,0
2.329357862472534,0,0,0,0,0
2.3368778228759766,0,0,0,0,0
2.346212148666382,0,0,0,0,0
2.3954689502716064,0,0,0,0,0
2.4052040576934814,0,0,0,0,0
2.4207582473754883,0,0,0,0,0
2.434298515319824,0,0,0,0,0
2.4400665760040283,0,0,0,0,0
2.446713924407959,0,0,0,0,0
2.4570999145507812,0,0,0,0,0
2.4627413749694824,0,0,0,0,0
2.4687349796295166,0,0,0,0,0
2.476389169692993,0,0,0,0,0
2.482225179672241,0,0,0,0,0
2.4932992458343506,0,0,0,0,0
2.4990196228027344,0,0,0,0,0
2.5058090686798096,0,0,0,0,0
2.512866735458374,0,0,0,0,0
2.5190024375915527,0,0,0,0,0
2.5251829624176025,0,0,0,0,0
2.5323286056518555,0,0,0,0,0
2.539419174194336,0,0,0,0,0
2.5468668937683105,0,0,0,0,0
2.5541319847106934,0,0,0,0,0
2.5581488609313965,0,0,0,0,0
2.563767433166504,0,0,0,0,0
2.5703063011169434,0,0,0,0,0
2.5759642124176025,0,0,0,0,0
2.5860114097595215,0,0,0,0,0
2.605025291442871,0,0,0,0,0
2.6097071170806885,0,0,0,0,0
2.6161749362945557,0,0,0,0,0
2.6308889389038086,0,0,0,0,0
2.637361526489258,0,0,0,0,0
2.645876884460449,0,0,0,0,0
2.656425714492798,0,0,0,0,0
2.663774251937866,0,0,0,0,0
2.6688365936279297,0,0,0,0,0
2.675300359725952,0,0,0,0,0
2.6832051277160645,0,0,0,0,0
2.6915290355682373,0,0,0,0,0
2.6962318420410156,0,0,0,0,0
2.7071046829223633,0,0,0,0,0
2.7153842449188232,0,0,0,0,0
2.7195396423339844,0,0,0,0,0
2.7289206981658936,0,0,0,0,0
2.7360897064208984,0,0,0,0,0
2.7406833171844482,0,0,0,0,0
2.7456841468811035,0,0,0,0,0
2.7520852088928223,0,0,0,0,0
2.7614593505859375,0,0,0,0,0
2.7687926292419434,0,0,0,0,0
2.7783114910125732,0,0,0,0,0
2.7858786582946777,0,0,0,0,0
2.7899904251098633,0,0,0,0,0
2.794457197189331,0,0,0,0,0
2.8024580478668213,0,0,0,0,0
2.8087658882141113,0,0,0,0,0
2.818592071533203,0,0,0,0,0
2.832106113433838,0,0,0,0,0
2.8439087867736816,0,0,0,0,0
2.8543107509613037,0,0,0,0,0
2.861884593963623,0,0,0,0,0
2.8738951683044434,0,0,0,0,0
2.884749174118042,0,0,0,0,0
2.916348934173584,0,0,0,0,0
2.9226677417755127,0,0,0,0,0
2.9301042556762695,0,0,0,0,0
2.939650535583496,0,0,0,0,0
2.947519063949585,0,0,0,0,0
2.9555885791778564,0,0,0,0,0
2.9616122245788574,0,0,0,0,0
2.9682016372680664,0,0,0,0,0
2.9773268699645996,0,0,0,0,0
2.987107753753662,0,0,0,0,0
2.996180295944214,0,0,0,0,0
3.016726493835449,0,0,0,0,0
3.024646282196045,0,0,0,0,0
3.0328726768493652,0,0,0,0,0
3.0436670780181885,0,0,0,0,0
3.05338716506958,0,0,0,0,0
3.0604653358459473,0,0,0,0,0
3.068340539932251,0,0,0,0,0
3.0754613876342773,0,0,0,0,0
3.0945518016815186,0,0,0,0,0
3.101755380630493,0,0,0,0,0
3.1153464317321777,0,0,0,0,0
3.126774549484253,0,0,0,0,0
3.14223575592041,0,0,0,0,0
3.1612508296966553,0,0,0,0,0
3.180567741394043,0,0,0,0,0
3.1893107891082764,0,0,0,0,0
3.1988117694854736,0,0,0,0,0
3.208348274230957,0,0,0,0,0
3.2267508506774902,0,0,0,0,0
3.244462251663208,0,0,0,0,0
3.249676465988159,0,0,0,0,0
3.256042957305908,0,0,0,0,0
3.268923282623291,0,0,0,0,0
3.283139228820801,0,0,0,0,0
3.2893564701080322,0,0,0,0,0
3.2975025177001953,0,0,0,0,0
3.3089699745178223,0,0,0,0,0
3.3252739906311035,0,0,0,0,0
3.3331284523010254,0,0,0,0,0
3.340715169906616,0,0,0,0,0
3.348243236541748,0,0,0,0,0
3.364100456237793,0,0,0,0,0
3.3725128173828125,0,0,0,0,0
3.380005359649658,0,0,0,0,0
3.3974595069885254,0,0,0,0,0
3.404618263244629,0,0,0,0,0
3.414649248123169,0,0,0,0,0
3.4248342514038086,0,0,0,0,0
3.4323549270629883,0,0,0,0,0
3.4385697841644287,0,0,0,0,0
3.4447364807128906,0,0,0,0,0
3.452526092529297,0,0,0,0,0
3.4734487533569336,0,0,0,0,0
3.4805185794830322,0,0,0,0,0
3.490776538848877,0,0,0,0,0
3.509706974029541,0,0,0,0,0
3.5171637535095215,0,0,0,0,0
3.536125659942627,0,0,0,0,0
3.5732688903808594,0,0,0,0,0
3.594602108001709,0,0,0,0,0
3.602623224258423,0,0,0,0,0
3.613253116607666,0,0,0,0,0
3.6303329467773438,0,0,0,0,0
3.6413826942443848,0,0,0,0,0
3.6565725803375244,0,0,0,0,0
3.667355537414551,0,0,0,0,0
3.6746151447296143,0,0,0,0,0
3.6837949752807617,0,0,0,0,0
3.6899054050445557,0,0,0,0,0
3.707402229309082,0,0,0,0,0
3.7220611572265625,0,0,0,0,0
3.7296488285064697,0,0,0,0,0
3.740776777267456,0,0,0,0,0
3.7486941814422607,0,0,0,0,0
3.7662246227264404,0,0,0,0,0
3.7748658657073975,0,0,0,0,0
3.788696765899658,0,0,0,0,0
3.806262969970703,0,0,0,0,0
3.8129467964172363,0,0,0,0,0
3.824585199356079,0,0,0,0,0
3.837057590484619,0,0,0,0,0
3.857879161834717,0,0,0,0,0
3.864600658416748,0,0,0,0,0
3.8812074661254883,0,0,0,0,0
3.8882062435150146,0,0,0,0,0
3.902642250061035,0,0,0,0,0
3.912398099899292,0,0,0,0,0
3.920255661010742,0,0,0,0,0
3.9378907680511475,0,0,0,0,0
3.944953441619873,0,0,0,0,0
3.9525256156921387,0,0,0,0,0
3.972198247909546,0,0,0,0,0
3.9799447059631348,0,0,0,0,0
4.002880334854126,0,0,0,0,0
4.01059103012085,0,0,0,0,0
4.029433727264404,0,0,0,0,0
4.037308692932129,0,0,0,0,0
4.045167684555054,0,0,0,0,0
4.069319248199463,0,0,0,0,0
4.084422826766968,0,0,0,0,0
4.102968215942383,0,0,0,0,0
4.11118221282959,0,0,0,0,0
4.122257232666016,0,0,0,0,0
4.139113903045654,0,0,0,0,0
4.1464409828186035,0,0,0,0,0
4.170447826385498,0,0,0,0,0
4.177586078643799,0,0,0,0,0
4.194084644317627,0,0,0,0,0
4.202636957168579,0,0,0,0,0
4.225750923156738,0,0,0,0,0
4.233011960983276,0,0,0,0,0
4.2530035972595215,0,0,0,0,0
4.259864807128906,0,0,0,0,0
4.273582220077515,0,0,0,0,0
4.299283742904663,0,0,0,0,0
4.306891918182373,0,0,0,0,0
4.320635080337524,0,0,0,0,0
4.327058553695679,0,0,0,0,0
4.352821588516235,0,0,0,0,0
4.360982418060303,0,0,0,0,0
4.379067659378052,0,0,0,0,0
4.39460563659668,0,0,0,0,0
4.41033935546875,0,0,0,0,0
4.416723728179932,0,0,0,0,0
4.429164886474609,0,0,0,0,0
4.438911199569702,0,0,0,0,0
4.458626747131348,0,0,0,0,0
4.472038507461548,0,0,0,0,0
4.481171131134033,0,0,0,0,0
4.496014595031738,0,0,0,0,0
4.512421131134033,0,0,0,0,0
4.519355773925781,0,0,0,0,0
4.534316062927246,0,0,0,0,0
4.548625230789185,0,0,0,0,0
4.558546543121338,0,0,0,0,0
4.5664143562316895,0,0,0,0,0
4.576840877532959,0,0,0,0,0
4.582437515258789,0,0,0,0,0
4.596415042877197,0,0,0,0,0
4.609673261642456,0,0,0,0,0
4.624436140060425,0,0,0,0,0
4.632153272628784,0,0,0,0,0
4.654027462005615,0,0,0,0,0
4.661255121231079,0,0,0,0,0
4.669321060180664,0,0,0,0,0
4.675785779953003,0,0,0,0,0
4.6870903968811035,0,0,0,0,0
4.705728769302368,0,0,0,0,0
4.720271348953247,0,0,0,0,0
4.732164621353149,0,0,0,0,0
4.747087717056274,0,0,0,0,0
4.754218339920044,0,0,0,0,0
4.762840270996094,0,0,0,0,0
4.77787446975708,0,0,0,0,0
4.784158706665039,0,0,0,0,0
4.791971206665039,0,0,0,0,0
4.798456430435181,0,0,0,0,0
4.813860177993774,0,0,0,0,0
4.820118427276611,0,0,0,0,0
4.83707070350647,0,0,0,0,0
4.852367639541626,0,0,0,0,0
4.867862939834595,0,0,0,0,0
4.875181198120117,0,0,0,0,0
4.8834404945373535,0,0,0,0,0
4.895366191864014,0,0,0,0,0
4.913280725479126,0,0,0,0,0
4.954234838485718,0,0,0,0,0
4.976715803146362,0,0,0,0,0
4.993025779724121,0,0,0,0,0
4.999504327774048,0,0,0,0,0
5.011107921600342,0,0,0,0,0
5.027590274810791,0,0,0,0,0
5.035113096237183,0,0,0,0,0
5.043586492538452,0,0,0,0,0
5.057070016860962,0,0,0,0,0
5.06553840637207,0,0,0,0,0
5.08095908164978,0,0,0,0,0
5.097949028015137,0,0,0,0,0
5.110254526138306,0,0,0,0,0
5.117633581161499,0,0,0,0,0
5.1259682178497314,0,0,0,0,0
5.138538837432861,0,0,0,0,0
5.146270275115967,0,0,0,0,0
5.161435127258301,0,0,0,0,0
5.179478168487549,0,0,0,0,0
5.190976619720459,0,0,0,0,0
5.20615029335022,0,0,0,0,0
5.222007751464844,0,0,0,0,0
5.236050367355347,0,0,0,0,0
5.244240760803223,0,0,0,0,0
5.2561705112457275,0,0,0,0,0
5.267136573791504,0,0,0,0,0
5.278218507766724,0,0,0,0,0
5.290017366409302,0,0,0,0,0
5.302073240280151,0,0,0,0,0
5.315278053283691,0,0,0,0,0
5.3335278034210205,0,0,0,0,0
5.343550205230713,0,0,0,0,0
5.36023211479187,0,0,0,0,0
5.374728679656982,0,0,0,0,0
5.391073942184448,0,0,0,0,0
5.397971868515015,0,0,0,0,0
5.411924362182617,0,0,0,0,0
5.422779321670532,0,0,0,0,0
5.432774066925049,0,0,0,0,0
5.449277639389038,0,0,0,0,0
5.467358350753784,0,0,0,0,0
5.489427089691162,0,0,0,0,0
5.497960805892944,0,0,0,0,0
5.516917943954468,0,0,0,0,0
5.534430503845215,0,0,0,0,0
5.541253328323364,0,0,0,0,0
5.559146165847778,0,0,0,0,0
5.57079005241394,0,0,0,0,0
5.580761432647705,0,0,0,0,0
5.587786912918091,0,0,0,0,0
5.64211106300354,0,0,0,0,0
5.668490171432495,0,0,0,0,0
5.68170690536499,0,0,0,0,0
5.691560506820679,0,0,0,0,0
5.701955080032349,0,0,0,0,0
5.7150044441223145,0,0,0,0,0
5.727935314178467,0,0,0,0,0
5.742203712463379,0,0,0,0,0
5.755668878555298,0,0,0,0,0
5.770132303237915,0,0,0,0,0
5.78815770149231,0,0,0,0,0
5.803090810775757,0,0,0,0,0
5.816295623779297,0,0,0,0,0
5.833038568496704,0,0,0,0,0
5.8398895263671875,0,0,0,0,0
5.852357625961304,0,0,0,0,0
5.866841554641724,0,0,0,0,0
5.883410930633545,0,0,0,0,0
5.8961076736450195,0,0,0,0,0
5.912503004074097,0,0,0,0,0
5.9239678382873535,0,0,0,0,0
5.9459733963012695,0,0,0,0,0
5.961218595504761,0,0,0,0,0
5.979368209838867,0,0,0,0,0
5.993675231933594,0,0,0,0,0
6.004393815994263,0,0,0,0,0
6.020887851715088,0,0,0,0,0
6.030919790267944,0,0,0,0,0
6.046236515045166,0,0,0,0,0
6.065026760101318,0,0,0,0,0
6.082111597061157,0,0,0,0,0
6.099710464477539,0,0,0,0,0
6.120331287384033,0,0,0,0,0
6.140021562576294,0,0,0,0,0
6.155225038528442,0,0,0,0,0
6.169253587722778,0,0,0,0,0
6.184636116027832,0,0,0,0,0
6.201592922210693,0,0,0,0,0
6.21612548828125,0,0,0,0,0
6.234236717224121,0,0,0,0,0
6.247246503829956,0,0,0,0,0
6.262017011642456,0,0,0,0,0
6.277756690979004,0,0,0,0,0
6.2967164516448975,0,0,0,0,0
6.312263011932373,0,0,0,0,0
6.328739166259766,0,0,0,0,0
6.3393354415893555,0,0,0,0,0
6.356900691986084,0,0,0,0,0
6.375638246536255,0,0,0,0,0
6.401846408843994,0,0,0,0,0
6.416319370269775,0,0,0,0,0
6.427372217178345,0,0,0,0,0
6.4415247440338135,0,0,0,0,0
6.455084562301636,0,0,0,0,0
6.464436054229736,0,0,0,0,0
6.477621793746948,0,0,0,0,0
6.490005731582642,0,0,0,0,0
6.51067852973938,0,0,0,0,0
6.523510694503784,0,0,0,0,0
6.5401506423950195,0,0,0,0,0
6.554893255233765,0,0,0,0,0
6.573459148406982,0,0,0,0,0
6.590583324432373,0,0,0,0,0
6.605076551437378,0,0,0,0,0
6.620885133743286,0,0,0,0,0
6.633052825927734,0,0,0,0,0
6.649070739746094,0,0,0,0,0
6.67121434211731,0,0,0,0,0
6.689615488052368,0,0,0,0,0
6.703982591629028,0,0,0,0,0
6.722597599029541,0,0,0,0,0
6.735575914382935,0,0,0,0,0
6.747459173202515,0,0,0,0,0
6.759268760681152,0,0,0,0,0
6.7698047161102295,0,0,0,0,0
6.7824859619140625,0,0,0,0,0
6.804483890533447,0,0,0,0,0
6.817901372909546,0,0,0,0,0
6.8319854736328125,0,0,0,0,0
6.847917556762695,0,0,0,0,0
6.863691568374634,0,0,0,0,0
6.881238698959351,0,0,0,0,0
6.895869016647339,0,0,0,0,0
6.909756660461426,0,0,0,0,0
6.92556619644165,0,0,0,0,0
6.945877313613892,0,0,0,0,0
6.953948497772217,0,0,0,0,0
6.968040704727173,0,0,0,0,0
6.975814580917358,0,0,0,0,0
6.9895408153533936,0,0,0,0,0
7.003328800201416,0,0,0,0,0
7.017678737640381,0,0,0,0,0
7.04296350479126,0,0,0,0,0
7.089163541793823,0,0,0,0,0
7.1186933517456055,0,0,0,0,0
7.133657932281494,0,0,0,0,0
7.149538993835449,0,0,0,0,0
7.163780450820923,0,0,0,0,0
7.17778468132019,0,0,0,0,0
7.194051027297974,0,0,0,0,0
7.212187051773071,0,0,0,0,0
7.227414608001709,0,0,0,0,0
7.241417169570923,0,0,0,0,0
7.2623610496521,0,0,0,0,0
7.274738311767578,0,0,0,0,0
7.296428680419922,0,0,0,0,0
7.309672832489014,0,0,0,0,0
7.321279287338257,0,0,0,0,0
7.334729433059692,0,0,0,0,0
7.347350597381592,0,0,0,0,0
7.3640968799591064,0,0,0,0,0
7.376852035522461,0,0,0,0,0
7.391245603561401,0,0,0,0,0
7.406602144241333,0,0,0,0,0
7.417608261108398,0,0,0,0,0
7.432195425033569,0,0,0,0,0
7.444171667098999,0,0,0,0,0
7.4575066566467285,0,0,0,0,0
7.473349094390869,0,0,0,0,0
7.489176273345947,0,0,0,0,0
7.498671531677246,0,0,0,0,0
7.518504858016968,0,0,0,0,0
7.5360822677612305,0,0,0,0,0
7.54912257194519,0,0,0,0,0
7.565932035446167,0,0,0,0,0
7.581701278686523,0,0,0,0,0
7.595929384231567,0,0,0,0,0
7.605712413787842,0,0,0,0,0
7.621427297592163,0,0,0,0,0
7.63697624206543,0,0,0,0,0
7.650618076324463,0,0,0,0,0
7.665742635726929,0,0,0,0,0
7.680938720703125,0,0,0,0,0
7.696845293045044,0,0,0,0,0
7.7103271484375,0,0,0,0,0
7.723947048187256,0,0,0,0,0
7.74433445930481,0,0,0,0,0
7.797680139541626,0,0,0,0,0
7.821624040603638,0,0,0,0,0
7.83810019493103,0,0,0,0,0
7.856444358825684,0,0,0,0,0
7.879533052444458,0,0,0,0,0
7.902249813079834,0,0,0,0,0
7.912447214126587,0,0,0,0,0
7.9266767501831055,0,0,0,0,0
7.938661575317383,0,0,0,0,0
7.953292608261108,0,0,0,0,0
7.974578857421875,0,0,0,0,0
7.9886181354522705,0,0,0,0,0
8.002515077590942,0,0,0,0,0
8.014612197875977,0,0,0,0,0
8.030006647109985,0,0,0,0,0
8.040598154067993,0,0,0,0,0
8.054713487625122,0,0,0,0,0
8.073009490966797,0,0,0,0,0
8.09139347076416,0,0,0,0,0
8.10869574546814,0,0,0,0,0
8.123594999313354,0,0,0,0,0
8.136850118637085,0,0,0,0,0
8.150812149047852,0,0,0,0,0
8.162114381790161,0,0,0,0,0
8.178980112075806,0,0,0,0,0
8.194736242294312,0,0,0,0,0
8.207886457443237,0,0,0,0,0
8.223063945770264,0,0,0,0,0
8.243674039840698,0,0,0,0,0
8.254599809646606,0,1,0,0,0
8.272265911102295,0,0,0,0,0
8.294454574584961,0,0,0,0,0
8.305714130401611,0,0,0,0,0
8.321124076843262,0,0,0,0,0
8.344556331634521,0,0,0,0,0
8.356491327285767,0,0,0,0,0
8.380131721496582,0,0,0,0,0
8.397881984710693,0,0,0,0,0
8.414038896560669,0,0,0,0,0
8.429894924163818,0,0,0,0,0
8.450238943099976,0,0,0,0,0
8.499459743499756,0,0,0,0,0
8.514980554580688,0,0,0,0,0
8.528112888336182,0,0,0,0,0
8.545177698135376,0,0,0,0,0
8.557676553726196,0,0,0,0,0
8.581181287765503,0,0,0,0,0
8.595606088638306,0,0,0,0,0
8.612069845199585,0,0,0,0,0
8.625750541687012,0,0,0,0,0
8.641592741012573,0,0,0,0,0
8.65717077255249,0,0,0,0,0
8.671932935714722,0,0,0,0,0
8.69019865989685,0,0,0,0,0
8.712860345840454,0,0,0,0,0
8.727787971496582,0,0,0,0,0
8.741584539413452,0,0,0,0,0
8.75553584098816,0,0,0,0,0
8.76775312423706,0,0,0,0,0
8.781591176986694,0,0,0,0,0
8.796764373779297,0,0,0,0,0
8.811993598937988,0,0,0,0,0
8.829223871231079,0,0,0,0,0
8.850768566131592,0,0,0,0,0
8.86323094367981,0,0,0,0,0
8.879460573196411,0,0,0,0,0
8.889952182769775,0,0,0,0,0
8.904144287109375,0,0,0,0,0
8.919649839401245,0,0,0,0,0
8.938332080841064,0,0,0,0,0
8.954265594482422,0,0,0,0,0
8.974588394165039,0,0,0,0,0
8.988144397735596,0,0,0,0,0
9.007513999938965,0,0,0,0,0
9.025043487548828,0,0,0,0,0
9.039021968841553,0,0,0,0,0
9.051268339157104,0,0,0,0,0
9.068207263946533,0,0,0,0,0
9.088233709335327,0,0,0,0,0
9.102839708328247,0,0,0,0,0
9.114163637161255,0,0,0,0,0
9.155761241912842,0,0,0,0,0
9.174715757369995,0,0,0,0,0
9.19589900970459,0,0,0,0,0
9.207093000411987,0,0,0,0,0
9.221390724182129,0,0,0,0,0
9.237040042877197,0,0,0,0,0
9.251219511032104,0,0,0,0,0
9.267560005187988,0,0,0,0,0
9.285319328308105,0,0,0,0,0
9.302443504333496,0,0,0,0,0
9.314007043838501,0,0,0,0,0
9.330973148345947,0,0,0,0,0
9.34307050704956,0,0,0,0,0
9.361043691635132,0,0,0,0,0
