time2,int_Lheel_inter,int_Lheel_ext,int_Lmiddle_inter,int_Lmiddle_ext,int_Lfinger
0,0,0,0,0,0
0.003976583480834961,0,0,0,0,0
0.004387855529785156,0,0,0,0,0
0.004605293273925781,0,0,0,0,0
0.0047953128814697266,0,0,0,0,0
0.005008697509765625,0,0,0,0,0
0.005155801773071289,0,0,0,0,0
0.0052945613861083984,0,0,0,0,0
0.005443096160888672,0,0,0,0,0
0.0058443546295166016,0,0,0,0,0
0.006072521209716797,0,0,0,0,0
0.006659030914306641,0,0,0,0,0
0.0069653987884521484,0,0,0,0,0
0.0073244571685791016,0,0,0,0,0
0.0077440738677978516,0,0,0,0,0
0.008042097091674805,0,0,0,0,0
0.008472681045532227,0,0,0,0,0
0.008765220642089844,0,0,0,0,0
0.009065389633178711,0,0,0,0,0
0.010391473770141602,0,0,0,0,0
0.011287927627563477,0,0,0,0,0
0.011720418930053711,0,0,0,0,0
0.012507200241088867,0,0,0,0,0
0.013039112091064453,0,0,0,0,0
0.014723062515258789,0,0,0,0,0
0.015844345092773438,0,0,0,0,0
0.016419410705566406,0,0,0,0,0
0.016902923583984375,0,0,0,0,0
0.01735830307006836,0,0,0,0,0
0.017763376235961914,0,0,0,0,0
0.01853346824645996,0,0,0,0,0
0.02044987678527832,0,0,0,0,0
0.021103858947753906,0,0,0,0,0
0.022014141082763672,0,0,0,0,0
0.023455381393432617,0,0,0,0,0
0.024153709411621094,0,0,0,0,0
0.0247647762298584,0,0,0,0,0
0.026680946350097656,0,0,0,0,0
0.02847003936767578,0,0,0,0,0
0.029076814651489258,0,0,0,0,0
0.02959132194519043,0,0,0,0,0
0.030138254165649414,0,0,0,0,0
0.03064560890197754,0,0,0,0,0
0.031149864196777344,0,0,0,0,0
0.033010244369506836,0,0,0,0,0
0.03368401527404785,0,0,0,0,0
0.034619808197021484,0,0,0,0,0
0.03622102737426758,0,0,0,0,0
0.03709840774536133,0,0,0,0,0
0.037743330001831055,0,0,0,0,0
0.0400238037109375,0,0,0,0,0
0.0421597957611084,0,0,0,0,0
0.04269886016845703,0,0,0,0,0
0.043211936950683594,0,0,0,0,0
0.0438084602355957,0,0,0,0,0
0.0444943904876709,0,0,0,0,0
0.046331167221069336,0,0,0,0,0
0.0479123592376709,0,0,0,0,0
0.048605918884277344,0,0,0,0,0
0.049263715744018555,0,0,0,0,0
0.050752878189086914,0,0,0,0,0
0.05141782760620117,0,0,0,0,0
0.05217337608337402,0,0,0,0,0
0.053464651107788086,0,0,0,0,0
0.05478811264038086,0,0,0,0,0
0.05554056167602539,0,0,0,0,0
0.05678963661193848,0,0,0,0,0
0.05764055252075195,0,0,0,0,0
0.05877518653869629,0,0,0,0,0
0.06129956245422363,0,0,0,0,0
0.061994314193725586,0,0,0,0,0
0.06281232833862305,0,0,0,0,0
0.06362175941467285,0,0,0,0,0
0.06433677673339844,0,0,0,0,0
0.06505227088928223,0,0,0,0,0
0.0657510757446289,0,0,0,0,0
0.06652188301086426,0,0,0,0,0
0.06776881217956543,0,0,0,0,0
0.06866812705993652,0,0,0,0,0
0.06946039199829102,0,0,0,0,0
0.07055115699768066,0,0,0,0,0
0.07226371765136719,0,0,0,0,0
0.07308077812194824,0,0,0,0,0
0.07510042190551758,0,0,0,0,0
0.07753467559814453,0,0,0,0,0
0.07831311225891113,0,0,0,0,0
0.07904386520385742,0,0,0,0,0
0.07985925674438477,0,0,0,0,0
0.08155703544616699,0,0,0,0,0
0.08233094215393066,0,0,0,0,0
0.08449172973632812,0,0,0,0,0
0.08524036407470703,0,0,0,0,0
0.08597922325134277,0,0,0,0,0
0.08686375617980957,0,0,0,0,0
0.08773136138916016,0,0,0,0,0
0.08855628967285156,0,0,0,0,0
0.08985733985900879,0,0,0,0,0
0.09136605262756348,0,0,0,0,0
0.09258747100830078,0,0,0,0,0
0.09364962577819824,0,0,0,0,0
0.09460806846618652,0,0,0,0,0
0.09729504585266113,0,0,0,0,0
0.09817886352539062,0,0,0,0,0
0.10090804100036621,0,0,0,0,0
0.10181665420532227,0,0,0,0,0
0.10264062881469727,0,0,0,0,0
0.10355973243713379,0,0,0,0,0
0.104522705078125,0,0,0,0,0
0.10544443130493164,0,0,0,0,0
0.10756206512451172,0,0,0,0,0
0.10849761962890625,0,0,0,0,0
0.1092677116394043,0,0,0,0,0
0.110198974609375,0,0,0,0,0
0.11187005043029785,0,0,0,0,0
0.11313509941101074,0,0,0,0,0
0.11526870727539062,0,0,0,0,0
0.1175987720489502,0,0,0,0,0
0.11863970756530762,0,0,0,0,0
0.11971759796142578,0,0,0,0,0
0.12075042724609375,0,0,0,0,0
0.12161970138549805,0,0,0,0,0
0.12256622314453125,0,0,0,0,0
0.12488555908203125,0,0,0,0,0
0.125779390335083,0,0,0,0,0
0.12659692764282227,0,0,0,0,0
0.12861299514770508,0,0,0,0,0
0.12953805923461914,0,0,0,0,0
0.13044524192810059,0,0,0,0,0
0.13279056549072266,0,0,0,0,0
0.13430237770080566,0,0,0,0,0
0.13566088676452637,0,0,0,0,0
0.13670802116394043,0,0,0,0,0
0.13829803466796875,0,0,0,0,0
0.13947081565856934,0,0,0,0,0
0.1420307159423828,0,0,0,0,0
0.14418935775756836,0,0,0,0,0
0.145782470703125,0,0,0,0,0
0.14756011962890625,0,0,0,0,0
0.14891409873962402,0,0,0,0,0
0.15024590492248535,0,0,0,0,0
0.15136003494262695,0,0,0,0,0
0.15220141410827637,0,0,0,0,0
0.15459752082824707,0,0,0,0,0
0.15795421600341797,0,0,0,0,0
0.15897107124328613,0,0,0,0,0
0.15998125076293945,0,0,0,0,0
0.16101765632629395,0,0,0,0,0
0.16267061233520508,0,0,0,0,0
0.16451668739318848,0,0,0,0,0
0.1657102108001709,0,0,0,0,0
0.1669018268585205,0,0,0,0,0
0.16836881637573242,0,0,0,0,0
0.16968131065368652,0,0,0,0,0
0.1714191436767578,0,0,0,0,0
0.17391371726989746,0,0,0,0,0
0.1758103370666504,0,0,0,0,0
0.17689919471740723,0,0,0,0,0
0.17975163459777832,0,0,0,0,0
0.1809406280517578,0,0,0,0,0
0.18214821815490723,0,0,0,0,0
0.18350791931152344,0,0,0,0,0
0.1853640079498291,0,0,0,0,0
0.1865541934967041,0,0,0,0,0
0.18756318092346191,0,0,0,0,0
0.1885547637939453,0,0,0,0,0
0.18964552879333496,0,0,0,0,0
0.19200801849365234,0,0,0,0,0
0.19406628608703613,0,0,0,0,0
0.1959700584411621,0,0,0,0,0
0.1975705623626709,0,0,0,0,0
0.20017313957214355,0,0,0,0,0
0.20181894302368164,0,0,0,0,0
0.20317554473876953,0,0,0,0,0
0.20593857765197754,0,0,0,0,0
0.20821356773376465,0,0,0,0,0
0.20947551727294922,0,0,0,0,0
0.21163535118103027,0,0,0,0,0
0.21282958984375,0,0,0,0,0
0.21431946754455566,0,0,0,0,0
0.21544241905212402,0,0,0,0,0
0.21730327606201172,0,0,0,0,0
0.21850323677062988,0,0,0,0,0
0.21974539756774902,0,0,0,0,0
0.22231411933898926,0,0,0,0,0
0.22358250617980957,0,0,0,0,0
0.22521328926086426,0,0,0,0,0
0.22652816772460938,0,0,0,0,0
0.2290487289428711,0,0,0,0,0
0.23296117782592773,0,0,0,0,0
0.23675966262817383,0,0,0,0,0
0.2379131317138672,0,0,0,0,0
0.23913359642028809,0,0,0,0,0
0.24062895774841309,0,0,0,0,0
0.24265742301940918,0,0,0,0,0
0.24567532539367676,0,0,0,0,0
0.247847318649292,0,0,0,0,0
0.25005674362182617,0,0,0,0,0
0.2514913082122803,0,0,0,0,0
0.25290846824645996,0,0,0,0,0
0.25435662269592285,0,0,0,0,0
0.25638365745544434,0,0,0,0,0
0.2585031986236572,0,0,0,0,0
0.26007938385009766,0,0,0,0,0
0.2613558769226074,0,0,0,0,0
0.26265382766723633,0,0,0,0,0
0.26416826248168945,0,0,0,0,0
0.2656998634338379,0,0,0,0,0
0.26802921295166016,0,0,0,0,0
0.27099156379699707,0,0,0,0,0
0.2725250720977783,0,0,0,0,0
0.274212121963501,0,0,0,0,0
0.27547621726989746,0,0,0,0,0
0.276857852935791,0,0,0,0,0
0.2791249752044678,0,0,0,0,0
0.282611608505249,0,0,0,0,0
0.28496670722961426,0,0,0,0,0
0.28683900833129883,0,0,0,0,0
0.28947997093200684,0,0,0,0,0
0.2918374538421631,0,0,0,0,0
0.29364585876464844,0,0,0,0,0
0.29683446884155273,0,0,0,0,0
0.3007986545562744,0,0,0,0,0
0.30222654342651367,0,0,0,0,0
0.3037116527557373,0,0,0,0,0
0.3052940368652344,0,0,0,0,0
0.30676889419555664,0,0,0,0,0
0.3092348575592041,0,0,0,0,0
0.31218576431274414,0,0,0,0,0
0.3139803409576416,0,0,0,0,0
0.3155684471130371,0,0,0,0,0
0.31755685806274414,0,0,0,0,0
0.3191032409667969,0,0,0,0,0
0.32108187675476074,0,0,0,0,0
0.3234410285949707,0,0,0,0,0
0.3264434337615967,0,0,0,0,0
0.32848334312438965,0,0,0,0,0
0.3323853015899658,0,0,0,0,0
0.3338000774383545,0,0,0,0,0
0.3353128433227539,0,0,0,0,0
0.33936572074890137,0,0,0,0,0
0.3420224189758301,0,0,0,0,0
0.34356069564819336,0,0,0,0,0
0.34524011611938477,0,0,0,0,0
0.34677958488464355,0,0,0,0,0
0.3482654094696045,0,0,0,0,0
0.3499302864074707,0,0,0,0,0
0.35219621658325195,0,0,0,0,0
0.35477352142333984,0,0,0,0,0
0.3563041687011719,0,0,0,0,0
0.35881900787353516,0,0,0,0,0
0.3607819080352783,0,0,0,0,0
0.3626260757446289,0,0,0,0,0
0.36447882652282715,0,0,0,0,0
0.36598992347717285,0,0,0,0,0
0.3675847053527832,0,0,0,0,0
0.3689589500427246,0,0,0,0,0
0.37038731575012207,0,0,0,0,0
0.3720576763153076,0,0,0,0,0
0.37476682662963867,0,0,0,0,0
0.37685275077819824,0,0,0,0,0
0.3794867992401123,0,0,0,0,0
0.3810858726501465,0,0,0,0,0
0.3828878402709961,0,0,0,0,0
0.38530874252319336,0,0,0,0,0
0.38882970809936523,0,0,0,0,0
0.3907198905944824,0,0,0,0,0
0.39371204376220703,0,0,0,0,0
0.3954610824584961,0,0,0,0,0
0.3970017433166504,0,0,0,0,0
0.3987727165222168,0,0,0,0,0
0.400531530380249,0,0,0,0,0
0.4022974967956543,0,0,0,0,0
0.4049818515777588,0,0,0,0,0
0.4073972702026367,0,0,0,0,0
0.4089503288269043,0,0,0,0,0
0.41068267822265625,0,0,0,0,0
0.4126243591308594,0,0,0,0,0
0.4155855178833008,0,0,0,0,0
0.41756772994995117,0,0,0,0,0
0.42025160789489746,0,0,0,0,0
0.42200756072998047,0,0,0,0,0
0.42421555519104004,0,0,0,0,0
0.4261021614074707,0,0,0,0,0
0.4278898239135742,0,0,0,0,0
0.4295210838317871,0,0,0,0,0
0.4323420524597168,0,0,0,0,0
0.4351944923400879,0,0,0,0,0
0.43723583221435547,0,0,0,0,0
0.4391295909881592,0,0,0,0,0
0.4408383369445801,0,0,0,0,0
0.4425771236419678,0,0,0,0,0
0.44569969177246094,0,0,0,0,0
0.44875431060791016,0,0,0,0,0
0.4504256248474121,0,0,0,0,0
0.453310489654541,0,0,0,0,0
0.4567837715148926,0,0,0,0,0
0.4592108726501465,0,0,0,0,0
0.4612123966217041,0,0,0,0,0
0.4639933109283447,0,0,0,0,0
0.46622681617736816,0,0,0,0,0
0.4682612419128418,0,0,0,0,0
0.4720337390899658,0,0,0,0,0
0.47391510009765625,0,0,0,0,0
0.4755439758300781,0,0,0,0,0
0.48024678230285645,0,0,0,0,0
0.4846947193145752,0,0,0,0,0
0.4864470958709717,0,0,0,0,0
0.48810315132141113,0,0,0,0,0
0.4900081157684326,0,0,0,0,0
0.4917638301849365,0,0,0,0,0
0.4947361946105957,0,0,0,0,0
0.4972970485687256,0,0,0,0,0
0.49906134605407715,0,0,0,0,0
0.5007188320159912,0,0,0,0,0
0.5038967132568359,0,0,0,0,0
0.5066032409667969,0,0,0,0,0
0.5091753005981445,0,0,0,0,0
0.5132040977478027,0,0,0,0,0
0.5163533687591553,0,0,0,0,0
0.5184435844421387,0,0,0,0,0
0.5217876434326172,0,0,0,0,0
0.5237452983856201,0,0,0,0,0
0.5258224010467529,0,0,0,0,0
0.5281460285186768,0,0,0,0,0
0.5317790508270264,0,0,0,0,0
0.5356879234313965,0,0,0,0,0
0.5390098094940186,0,0,0,0,0
0.5415680408477783,0,0,0,0,0
0.544074535369873,0,0,0,0,0
0.5463263988494873,0,0,0,0,0
0.5480794906616211,0,0,0,0,0
0.5498597621917725,0,0,0,0,0
0.5553972721099854,0,0,0,0,0
0.5574414730072021,0,0,0,0,0
0.55922532081604,0,0,0,0,0
0.5609772205352783,0,0,0,0,0
0.562769889831543,0,0,0,0,0
0.567899227142334,0,0,0,0,0
0.5720827579498291,0,0,0,0,0
0.5751461982727051,0,0,0,0,0
0.5775585174560547,0,0,0,0,0
0.5798256397247314,0,0,0,0,0
0.5827600955963135,0,0,0,0,0
0.5873796939849854,0,0,0,0,0
0.5901985168457031,0,0,0,0,0
0.5921370983123779,0,0,0,0,0
0.594080924987793,0,0,0,0,0
0.596123456954956,0,0,0,0,0
0.5981640815734863,0,0,0,0,0
0.6001226902008057,0,0,0,0,0
0.6030542850494385,0,0,0,0,0
0.6073019504547119,0,0,0,0,0
0.609593391418457,0,0,0,0,0
0.6124489307403564,0,0,0,0,0
0.6145505905151367,0,0,0,0,0
0.617264986038208,0,0,0,0,0
0.6211752891540527,0,0,0,0,0
0.6256768703460693,0,0,0,0,0
0.628422737121582,0,0,0,0,0
0.6315596103668213,0,0,0,0,0
0.6337485313415527,0,0,0,0,0
0.635969877243042,0,0,0,0,0
0.6412649154663086,0,0,0,0,0
0.6460607051849365,0,0,0,0,0
0.6503832340240479,0,0,0,0,0
0.6524803638458252,0,0,0,0,0
0.6551733016967773,0,0,0,0,0
0.6572275161743164,0,0,0,0,0
0.6592650413513184,0,0,0,0,0
0.6627516746520996,0,0,0,0,0
0.6958892345428467,0,0,0,0,0
0.7000062465667725,0,0,0,0,0
0.7037534713745117,0,0,0,0,0
0.7064774036407471,0,0,0,0,0
0.7087554931640625,0,0,0,0,0
0.7116937637329102,0,0,0,0,0
0.715684175491333,0,0,0,0,0
0.718055009841919,0,0,0,0,0
0.7203423976898193,0,0,0,0,0
0.7263050079345703,0,0,0,0,0
0.7285966873168945,0,0,0,0,0
0.7308986186981201,0,0,0,0,0
0.7362756729125977,0,0,0,0,0
0.7396812438964844,0,0,0,0,0
0.7426102161407471,0,0,0,0,0
0.7468364238739014,0,0,0,0,0
0.749011754989624,0,0,0,0,0
0.7512392997741699,0,0,0,0,0
0.7537736892700195,0,0,0,0,0
0.7593004703521729,0,0,0,0,0
0.7622225284576416,0,0,0,0,0
0.7650890350341797,0,0,0,0,0
0.7681655883789062,0,0,0,0,0
0.7717394828796387,0,0,0,0,0
0.7752916812896729,0,0,0,0,0
0.7791402339935303,0,0,0,0,0
0.7831487655639648,0,0,0,0,0
0.7851724624633789,0,0,0,0,0
0.790177583694458,0,0,0,0,0
0.7923405170440674,0,0,0,0,0
0.7944545745849609,0,0,0,0,0
0.7965312004089355,0,0,0,0,0
0.799008846282959,0,0,0,0,0
0.8022067546844482,0,0,0,0,0
0.8052079677581787,0,0,0,0,0
0.8075220584869385,0,0,0,0,0
0.8098807334899902,0,0,0,0,0
0.8122632503509521,0,0,0,0,0
0.8156051635742188,0,0,0,0,0
0.8191392421722412,0,0,0,0,0
0.8221814632415771,0,0,0,0,0
0.8261587619781494,0,0,0,0,0
0.8290035724639893,0,0,0,0,0
0.8311476707458496,0,0,0,0,0
0.8335950374603271,0,0,0,0,0
0.8360683917999268,0,0,0,0,0
0.8381881713867188,0,0,0,0,0
0.8410329818725586,0,0,0,0,0
0.84360671043396,0,0,0,0,0
0.8462040424346924,0,0,0,0,0
0.8485774993896484,0,0,0,0,0
0.850926399230957,0,0,0,0,0
0.8542659282684326,0,0,0,0,0
0.8586604595184326,0,0,0,0,0
0.8624842166900635,0,0,0,0,0
0.8650228977203369,0,0,0,0,0
0.868920087814331,0,0,0,0,0
0.8713040351867676,0,0,0,0,0
0.8736872673034668,0,0,0,0,0
0.8786299228668213,0,0,0,0,0
0.8838443756103516,0,0,0,0,0
0.8861722946166992,0,0,0,0,0
0.8888347148895264,0,0,0,0,0
0.8918156623840332,0,0,0,0,0
0.8942210674285889,0,0,0,0,0
0.8987574577331543,0,0,0,0,0
0.9020709991455078,0,0,0,0,0
0.9046671390533447,0,0,0,0,0
0.907341480255127,0,0,0,0,0
0.9116709232330322,0,0,0,0,0
0.9158053398132324,0,0,0,0,0
0.9201161861419678,0,0,0,0,0
0.9258759021759033,0,0,0,0,0
0.9435126781463623,0,0,0,0,0
0.9492597579956055,0,0,0,0,0
0.9522840976715088,0,0,0,0,0
0.9556562900543213,0,0,0,0,0
0.9612302780151367,0,0,0,0,0
0.9662661552429199,0,0,0,0,0
0.9728600978851318,0,0,0,0,0
0.9754936695098877,0,0,0,0,0
0.9781379699707031,0,0,0,0,0
0.9822497367858887,0,0,0,0,0
0.9848930835723877,0,0,0,0,0
0.9881768226623535,0,0,0,0,0
0.9914631843566895,0,0,0,0,0
0.9955112934112549,0,0,0,0,0
0.9989843368530273,0,0,0,0,0
1.0042734146118164,0,0,0,0,0
1.0089359283447266,0,0,0,0,0
1.0120906829833984,0,0,0,0,0
1.0145909786224365,0,0,0,0,0
1.0206348896026611,0,0,0,0,0
1.023258924484253,0,0,0,0,0
1.0260260105133057,0,0,0,0,0
1.0297691822052002,0,0,0,0,0
1.0323317050933838,0,0,0,0,0
1.0351829528808594,0,0,0,0,0
1.0381951332092285,0,0,0,0,0
1.0417273044586182,0,0,0,0,0
1.0453495979309082,0,0,0,0,0
1.0498857498168945,0,0,0,0,0
1.0530695915222168,0,0,0,0,0
1.0565063953399658,0,0,0,0,0
1.0594964027404785,0,0,0,0,0
1.0649113655090332,0,0,0,0,0
1.0676360130310059,0,0,0,0,0
1.0735719203948975,0,0,0,0,0
1.076345443725586,0,0,0,0,0
1.0789575576782227,0,0,0,0,0
1.0816035270690918,0,0,0,0,0
1.0849213600158691,0,0,0,0,0
1.0877726078033447,0,0,0,0,0
1.0917675495147705,0,0,0,0,0
1.0967140197753906,0,0,0,0,0
1.0995938777923584,0,0,0,0,0
1.1023471355438232,0,0,0,0,0
1.1063308715820312,0,0,0,0,0
1.1116375923156738,0,0,0,0,0
1.1193923950195312,0,0,0,0,0
1.122631311416626,0,0,0,0,0
1.130002498626709,0,0,0,0,0
1.132833480834961,0,0,0,0,0
1.1356728076934814,0,0,0,0,0
1.138319492340088,0,0,0,0,0
1.1462981700897217,0,0,0,0,0
1.1504778861999512,0,0,0,0,0
1.1533033847808838,0,0,0,0,0
1.1575660705566406,0,0,0,0,0
1.160193920135498,0,0,0,0,0
1.1634910106658936,0,0,0,0,0
1.1678895950317383,0,0,0,0,0
1.172393798828125,0,0,0,0,0
1.1753411293029785,0,0,0,0,0
1.1787571907043457,0,0,0,0,0
1.182185173034668,0,0,0,0,0
1.1860079765319824,0,0,0,0,0
1.1907763481140137,0,0,0,0,0
1.194598913192749,0,0,0,0,0
1.1976332664489746,0,0,0,0,0
1.2346560955047607,0,0,0,0,0
1.2467765808105469,0,0,0,0,0
1.2633769512176514,0,0,0,0,0
1.2683959007263184,0,0,0,0,0
1.2758214473724365,0,0,0,0,0
1.2797365188598633,0,0,0,0,0
1.2838380336761475,0,0,0,0,0
1.2881295680999756,0,0,0,0,0
1.2915120124816895,0,0,0,0,0
1.2948458194732666,0,0,0,0,0
1.2976539134979248,0,0,0,0,0
1.301330804824829,0,0,0,0,0
1.30743408203125,0,0,0,0,0
1.3125660419464111,0,0,0,0,0
1.3156778812408447,0,0,0,0,0
1.3185760974884033,0,0,0,0,0
1.3217065334320068,0,0,0,0,0
1.3246612548828125,0,0,0,0,0
1.329421043395996,0,0,0,0,0
1.341566562652588,0,0,0,0,0
1.346740961074829,0,0,0,0,0
1.351207971572876,0,0,0,0,0
1.3542509078979492,0,0,0,0,0
1.3575637340545654,0,0,0,0,0
1.3599538803100586,0,0,0,0,0
1.3660931587219238,0,0,0,0,0
1.377007246017456,0,0,0,0,0
1.3832464218139648,0,0,0,0,0
1.3889968395233154,0,0,0,0,0
1.3940000534057617,0,0,0,0,0
1.4064486026763916,0,0,0,0,0
1.4122490882873535,0,0,0,0,0
1.4252240657806396,0,0,0,0,0
1.4319677352905273,0,0,0,0,0
1.441148281097412,0,0,0,0,0
1.4471638202667236,0,0,0,0,0
1.4508438110351562,0,0,0,0,0
1.4537875652313232,0,0,0,0,0
1.4566340446472168,0,0,0,0,0
1.462717056274414,0,0,0,0,0
1.4656269550323486,0,0,0,0,0
1.4683880805969238,0,0,0,0,0
1.4737377166748047,0,0,0,0,0
1.4797117710113525,0,0,0,0,0
1.4867451190948486,0,0,0,0,0
1.490178108215332,0,0,0,0,0
1.4931857585906982,0,0,0,0,0
1.4962947368621826,0,0,0,0,0
1.5000362396240234,0,0,0,0,0
1.505059003829956,0,0,0,0,0
1.5089149475097656,0,0,0,0,0
1.512967586517334,0,0,0,0,0
1.5196921825408936,0,0,0,0,0
1.5233418941497803,0,0,0,0,0
1.5273630619049072,0,0,0,0,0
1.530247688293457,0,0,0,0,0
1.5361747741699219,0,0,0,0,0
1.5391840934753418,0,0,0,0,0
1.5469551086425781,0,0,0,0,0
1.5500578880310059,0,0,0,0,0
1.5568335056304932,0,0,0,0,0
1.5599405765533447,0,0,0,0,0
1.5648956298828125,0,0,0,0,0
1.568972110748291,0,0,0,0,0
1.5752427577972412,0,0,0,0,0
1.5918352603912354,0,0,0,0,0
1.6050808429718018,0,0,0,0,0
1.6129636764526367,0,0,0,0,0
1.620518445968628,0,0,0,0,0
1.6271617412567139,0,0,0,0,0
1.6334190368652344,0,0,0,0,0
1.6414272785186768,0,0,0,0,0
1.6475777626037598,0,0,0,0,0
1.6532893180847168,0,0,0,0,0
1.6583714485168457,0,0,0,0,0
1.6656060218811035,0,0,0,0,0
1.6722352504730225,0,0,0,0,0
1.6769757270812988,0,0,0,0,0
1.6802797317504883,0,0,0,0,0
1.6840190887451172,0,0,0,0,0
1.6934599876403809,0,0,0,0,0
1.6972274780273438,0,0,0,0,0
1.7029030323028564,0,0,0,0,0
1.7094619274139404,0,0,0,0,0
1.717773675918579,0,0,0,0,0
1.7255868911743164,0,0,0,0,0
1.7315163612365723,0,0,0,0,0
1.7348577976226807,0,0,0,0,0
1.7455673217773438,0,0,0,0,0
1.7525029182434082,0,0,0,0,0
1.7593138217926025,0,0,0,0,0
1.7626490592956543,0,0,0,0,0
1.765845537185669,0,0,0,0,0
1.7693686485290527,0,0,0,0,0
1.7726521492004395,0,0,0,0,0
1.7762513160705566,0,0,0,0,0
1.7810978889465332,0,0,0,0,0
1.7867465019226074,0,0,0,0,0
1.7904129028320312,0,0,0,0,0
1.7961280345916748,0,0,0,0,0
1.799811601638794,0,0,0,0,0
1.804276943206787,0,0,0,0,0
1.814103126525879,0,0,0,0,0
1.8224644660949707,0,0,0,0,0
1.8296220302581787,0,0,0,0,0
1.839162826538086,0,0,0,0,0
1.842369794845581,0,0,0,0,0
1.84830641746521,0,0,0,0,0
1.8555419445037842,0,0,0,0,0
1.8619718551635742,0,0,0,0,0
1.8695452213287354,0,0,0,0,0
1.8730053901672363,0,0,0,0,0
1.878601312637329,0,0,0,0,0
1.88215970993042,0,0,0,0,0
1.8861842155456543,0,0,0,0,0
1.8919379711151123,0,0,0,0,0
1.8980209827423096,0,0,0,0,0
1.904468297958374,0,0,0,0,0
1.9117813110351562,0,0,0,0,0
1.9178037643432617,0,0,0,0,0
1.9282763004302979,0,0,0,0,0
1.9355528354644775,0,0,0,0,0
1.9498672485351562,0,0,0,0,0
1.963852882385254,0,0,0,0,0
1.9768085479736328,0,0,0,0,0
1.9814934730529785,0,0,0,0,0
1.9868361949920654,0,0,0,0,0
1.9912030696868896,0,0,0,0,0
2.0045433044433594,0,0,0,0,0
2.010625123977661,0,0,0,0,0
2.018538236618042,0,0,0,0,0
2.0238723754882812,0,0,0,0,0
2.0317511558532715,0,0,0,0,0
2.0373470783233643,0,0,0,0,0
2.0418429374694824,0,0,0,0,0
2.0507969856262207,0,0,0,0,0
2.0607757568359375,0,0,0,0,0
2.070821523666382,0,0,0,0,0
2.077059745788574,0,0,0,0,0
2.0838239192962646,0,0,0,0,0
2.09151029586792,0,0,0,0,0
2.097249746322632,0,0,0,0,0
2.103314161300659,0,0,0,0,0
2.1092841625213623,0,0,0,0,0
2.1152162551879883,0,0,0,0,0
2.11984920501709,0,0,0,0,0
2.1274900436401367,0,0,0,0,0
2.132336378097534,0,0,0,0,0
2.140221118927002,0,0,0,0,0
2.14896297454834,0,0,0,0,0
2.1541969776153564,0,0,0,0,0
2.162350654602051,0,0,0,0,0
2.1691904067993164,0,0,0,0,0
2.1732943058013916,0,0,0,0,0
2.177701473236084,0,0,0,0,0
2.1841237545013428,0,0,0,0,0
2.1902923583984375,0,0,0,0,0
2.1954638957977295,0,0,0,0,0
2.2036659717559814,0,0,0,0,0
2.2099125385284424,0,0,0,0,0
2.2170028686523438,0,0,0,0,0
2.22379469871521,0,0,0,0,0
2.229386806488037,0,0,0,0,0
2.2336413860321045,0,0,0,0,0
2.2401533126831055,0,0,0,0,0
2.2483582496643066,0,0,0,0,0
2.254953622817993,0,0,0,0,0
2.2668938636779785,0,0,0,0,0
2.2706878185272217,0,0,0,0,0
2.276047706604004,0,0,0,0,0
2.281621217727661,0,0,0,0,0
2.290496826171875,0,0,0,0,0
2.298626661300659,0,0,0,0,0
2.3090810775756836,0,0,0,0,0
2.314324378967285,0,0,0,0,0
2.325317144393921,0,0,0,0,0
2.3388781547546387,0,0,0,0,0
2.355586528778076,0,0,0,0,0
2.364597797393799,0,0,0,0,0
2.379417657852173,0,0,0,0,0
2.389437437057495,0,0,0,0,0
2.396188974380493,0,0,0,0,0
2.406621217727661,0,0,0,0,0
2.416041374206543,0,0,0,0,0
2.423919439315796,0,0,0,0,0
2.4304327964782715,0,0,0,0,0
2.439326763153076,0,0,0,0,0
2.4455366134643555,0,0,0,0,0
2.4533419609069824,0,0,0,0,0
2.4614315032958984,0,0,0,0,0
2.4689462184906006,0,0,0,0,0
2.4769132137298584,0,0,0,0,0
2.4840586185455322,0,0,0,0,0
2.4909911155700684,0,0,0,0,0
2.49759840965271,0,0,0,0,0
2.5045225620269775,0,0,0,0,0
2.5169572830200195,0,0,0,0,0
2.5276472568511963,0,0,0,0,0
2.53413987159729,0,0,0,0,0
2.5422611236572266,0,0,0,0,0
2.5508196353912354,0,0,0,0,0
2.563143014907837,0,0,0,0,0
2.5678348541259766,0,0,0,0,0
2.577000617980957,0,0,0,0,0
2.5830771923065186,0,0,0,0,0
2.5895261764526367,0,0,0,0,0
2.6000967025756836,0,0,0,0,0
2.6069111824035645,0,0,0,0,0
2.61301326751709,0,0,0,0,0
2.626779794692993,0,0,0,0,0
2.6327579021453857,0,0,0,0,0
2.638827085494995,0,0,0,0,0
2.648040533065796,0,0,0,0,0
2.6542723178863525,0,0,0,0,0
2.662639617919922,0,0,0,0,0
2.669762372970581,0,0,0,0,0
2.6770973205566406,0,0,0,0,0
2.6868748664855957,0,0,0,0,0
2.692567825317383,0,0,0,0,0
2.701092004776001,0,0,0,0,0
2.7104032039642334,0,0,0,0,0
2.7312850952148438,0,0,0,0,0
2.7361488342285156,0,0,0,0,0
2.745779514312744,0,0,0,0,0
2.760378122329712,0,0,0,0,0
2.7656502723693848,0,0,0,0,0
2.7741708755493164,0,0,0,0,0
2.7810752391815186,0,0,0,0,0
2.7923667430877686,0,0,0,0,0
2.7983498573303223,0,0,0,0,0
2.8221211433410645,0,0,0,0,0
2.8290038108825684,0,0,0,0,0
2.8366522789001465,0,0,0,0,0
2.8492109775543213,0,0,0,0,0
2.8557181358337402,0,0,0,0,0
2.8649685382843018,0,0,0,0,0
2.879190683364868,0,0,0,0,0
2.88606333732605,0,0,0,0,0
2.902836799621582,0,0,0,0,0
2.9123504161834717,0,0,0,0,0
2.918721914291382,0,0,0,0,0
2.9362564086914062,0,0,0,0,0
2.9427030086517334,0,0,0,0,0
2.9570515155792236,0,0,0,0,0
2.962531805038452,0,0,0,0,0
2.9679112434387207,0,0,0,0,0
2.973721504211426,0,0,0,0,0
2.985189437866211,0,0,0,0,0
2.9999494552612305,0,0,0,0,0
3.0078651905059814,0,0,0,0,0
3.0162277221679688,0,0,0,0,0
3.0293445587158203,0,0,0,0,0
3.0355355739593506,0,0,0,0,0
3.045638084411621,0,0,0,0,0
3.0548055171966553,0,0,0,0,0
3.0670864582061768,0,0,0,0,0
3.0744857788085938,0,0,0,0,0
3.086448907852173,0,0,0,0,0
3.0949630737304688,0,0,0,0,0
3.105912446975708,0,0,0,0,0
3.1162092685699463,0,0,0,0,0
3.1224124431610107,0,0,0,0,0
3.132391929626465,0,0,0,0,0
3.138859272003174,0,0,0,0,0
3.1558961868286133,0,0,0,0,0
3.1622774600982666,0,0,0,0,0
3.1718287467956543,0,0,0,0,0
3.1805973052978516,0,0,0,0,0
3.1876587867736816,0,0,0,0,0
3.207167863845825,0,0,0,0,0
3.214179515838623,0,0,0,0,0
3.2202086448669434,0,0,0,0,0
3.226222276687622,0,0,0,0,0
3.233084201812744,0,0,0,0,0
3.239778995513916,0,0,0,0,0
3.2473654747009277,0,0,0,0,0
3.2544174194335938,0,0,0,0,0
3.265157699584961,0,0,0,0,0
3.272890329360962,0,0,0,0,0
3.291355848312378,0,0,0,0,0
3.3338332176208496,0,0,0,0,0
3.345182418823242,0,0,0,0,0
3.361017942428589,0,0,0,0,0
3.3674020767211914,0,0,0,0,0
3.372647762298584,0,0,0,0,0
3.3797013759613037,0,0,0,0,0
3.388760805130005,0,0,0,0,0
3.394941806793213,0,0,0,0,0
3.4000000953674316,0,0,0,0,0
3.414886474609375,0,0,0,0,0
3.424053430557251,0,0,0,0,0
3.430546522140503,0,0,0,0,0
3.440074920654297,0,0,0,0,0
3.4470458030700684,0,0,0,0,0
3.455793619155884,0,0,0,0,0
3.4629926681518555,0,0,0,0,0
3.4679203033447266,0,0,0,0,0
3.474440097808838,0,0,0,0,0
3.4823689460754395,0,0,0,0,0
3.4960336685180664,0,0,0,0,0
3.502897262573242,0,0,0,0,0
3.515085220336914,0,0,0,0,0
3.5226964950561523,0,0,0,0,0
3.5287997722625732,0,0,0,0,0
3.538837432861328,0,0,0,0,0
3.544344425201416,0,0,0,0,0
3.561814546585083,0,0,0,0,0
3.5823676586151123,0,0,0,0,0
3.5961382389068604,0,0,0,0,0
3.604013204574585,0,0,0,0,0
3.611161708831787,0,0,0,0,0
3.625610113143921,0,0,0,0,0
3.6421589851379395,0,0,0,0,0
3.657341241836548,0,0,0,0,0
3.6665773391723633,0,0,0,0,0
3.673645257949829,0,0,0,0,0
3.68971848487854,0,0,0,0,0
3.7079925537109375,0,0,0,0,0
3.714737892150879,0,0,0,0,0
3.721473217010498,0,0,0,0,0
3.7271337509155273,0,0,0,0,0
3.7324678897857666,0,0,0,0,0
3.7403738498687744,0,0,0,0,0
3.7574727535247803,0,0,0,0,0
3.7695579528808594,0,0,0,0,0
3.782388210296631,0,0,0,0,0
3.7913143634796143,0,0,0,0,0
3.8006229400634766,0,0,0,0,0
3.8084778785705566,0,0,0,0,0
3.8285374641418457,0,0,0,0,0
3.8439130783081055,0,0,0,0,0
3.852783679962158,0,0,0,0,0
3.877445697784424,0,0,0,0,0
3.8879549503326416,0,0,0,0,0
3.90615177154541,0,0,0,0,0
3.9138026237487793,0,0,0,0,0
3.92110276222229,0,0,0,0,0
3.929473638534546,0,0,0,0,0
3.9517645835876465,0,0,0,0,0
3.9667744636535645,0,0,0,0,0
3.987239360809326,0,0,0,0,0
3.9965920448303223,0,0,0,0,0
4.005207300186157,0,0,0,0,0
4.015249013900757,0,0,0,0,0
4.023958444595337,0,0,0,0,0
4.030924320220947,0,0,0,0,0
4.0502095222473145,0,0,0,0,0
4.058604001998901,0,0,0,0,0
4.074043035507202,0,0,0,0,0
4.0891265869140625,0,0,0,0,0
4.096149444580078,0,0,0,0,0
4.104583978652954,0,0,0,0,0
4.11141562461853,0,0,0,0,0
4.117903470993042,0,0,0,0,0
4.124171495437622,0,0,0,0,0
4.131381273269653,0,0,0,0,0
4.143683910369873,0,0,0,0,0
4.151365518569946,0,0,0,0,0
4.165780782699585,0,0,0,0,0
4.173373460769653,0,0,0,0,0
4.181016445159912,0,0,0,0,0
4.197506427764893,0,0,0,0,0
4.217304229736328,0,0,0,0,0
4.225610017776489,0,0,0,0,0
4.23372483253479,0,0,0,0,0
4.242341995239258,0,0,0,0,0
4.257741212844849,0,0,0,0,0
4.270287990570068,0,0,0,0,0
4.289592266082764,0,0,0,0,0
4.326601028442383,0,0,0,0,0
4.33964204788208,0,0,0,0,0
4.347912311553955,0,0,0,0,0
4.362238168716431,0,0,0,0,0
4.381179571151733,0,0,0,0,0
4.391200304031372,0,0,0,0,0
4.405500411987305,0,0,0,0,0
4.411906957626343,0,0,0,0,0
4.418710470199585,0,0,0,0,0
4.431501626968384,0,0,0,0,0
4.438867092132568,0,0,0,0,0
4.461554527282715,0,0,0,0,0
4.469998121261597,0,0,0,0,0
4.4928061962127686,0,0,0,0,0
4.5172998905181885,0,0,0,0,0
4.52408242225647,0,0,0,0,0
4.540011644363403,0,0,0,0,0
4.547068357467651,0,0,0,0,0
4.558635473251343,0,0,0,0,0
4.566449880599976,0,0,0,0,0
4.573391675949097,0,0,0,0,0
4.587684631347656,0,0,0,0,0
4.603137493133545,0,0,0,0,0
4.610253572463989,0,0,0,0,0
4.61910605430603,0,0,0,0,0
4.629934549331665,0,0,0,0,0
4.638220548629761,0,0,0,0,0
4.64654016494751,0,0,0,0,0
4.655084848403931,0,0,0,0,0
4.6620728969573975,0,0,0,0,0
4.673564195632935,0,0,0,0,0
4.68065881729126,0,0,0,0,0
4.688961029052734,0,0,0,0,0
4.700964450836182,0,0,0,0,0
4.712383508682251,0,0,0,0,0
4.720858335494995,0,0,0,0,0
4.730406284332275,0,0,0,0,0
4.736890077590942,0,0,0,0,0
4.747230291366577,0,0,0,0,0
4.754595756530762,0,0,0,0,0
4.7653422355651855,0,0,0,0,0
4.817124128341675,0,0,0,0,0
4.828055381774902,0,0,0,0,0
4.8433613777160645,0,0,0,0,0
4.860234975814819,0,0,0,0,0
4.867816925048828,0,0,0,0,0
4.877736568450928,0,0,0,0,0
4.893505096435547,0,0,0,0,0
4.901039123535156,0,0,0,0,0
4.908050298690796,0,0,0,0,0
4.914902448654175,0,0,0,0,0
4.922438144683838,0,0,0,0,0
4.934165716171265,0,0,0,0,0
4.945156574249268,0,0,0,0,0
4.951974868774414,0,0,0,0,0
4.960901498794556,0,0,0,0,0
4.972066879272461,0,0,0,0,0
4.979135274887085,0,0,0,0,0
4.98651647567749,0,0,0,0,0
4.993135690689087,0,0,0,0,0
5.00000262260437,0,0,0,0,0
5.015051364898682,0,0,0,0,0
5.027489185333252,0,0,0,0,0
5.0386552810668945,0,0,0,0,0
5.046987056732178,0,0,0,0,0
5.058751583099365,0,0,0,0,0
5.066053628921509,0,0,0,0,0
5.080308198928833,0,0,0,0,0
5.087674856185913,0,0,0,0,0
5.101740837097168,0,0,0,0,0
5.114015579223633,0,0,0,0,0
5.124817371368408,0,0,0,0,0
5.1388115882873535,0,0,0,0,0
5.153682708740234,0,0,0,0,0
5.16248893737793,0,0,0,0,0
5.177459478378296,0,0,0,0,0
5.185774326324463,0,0,0,0,0
5.211061000823975,0,0,0,0,0
5.2250237464904785,0,0,0,0,0
5.232748746871948,0,0,0,0,0
5.243438482284546,0,0,0,0,0
5.249661445617676,0,0,0,0,0
5.279749393463135,0,0,0,0,0
5.287358045578003,0,0,0,0,0
5.297008514404297,0,0,0,0,0
5.30948281288147,0,0,0,0,0
5.317042350769043,0,0,0,0,0
5.327127695083618,0,0,0,0,0
5.33789849281311,0,0,0,0,0
5.345605850219727,0,0,0,0,0
5.363652467727661,0,0,0,0,0
5.370519399642944,0,0,0,0,0
5.37890100479126,0,0,0,0,0
5.394620180130005,0,0,0,0,0
5.408282279968262,0,0,0,0,0
5.420695066452026,0,0,0,0,0
5.429939031600952,0,0,0,0,0
5.437138557434082,0,0,0,0,0
5.450834274291992,0,0,0,0,0
5.461328744888306,0,0,0,0,0
5.473815202713013,0,0,0,0,0
5.49269437789917,0,0,0,0,0
5.504300832748413,0,0,0,0,0
5.51628565788269,0,0,0,0,0
5.529303073883057,0,0,0,0,0
5.540284633636475,0,0,0,0,0
5.5507307052612305,0,0,0,0,0
5.564967155456543,0,0,0,0,0
5.5908002853393555,0,0,0,0,0
5.606640100479126,0,0,0,0,0
5.619205951690674,0,0,0,0,0
5.62984299659729,0,0,0,0,0
5.6370155811309814,0,0,0,0,0
5.6556618213653564,0,0,0,0,0
5.6709372997283936,0,0,0,0,0
5.68355917930603,0,0,0,0,0
5.689972877502441,0,0,0,0,0
5.7080299854278564,0,0,0,0,0
5.726545095443726,0,0,0,0,0
5.737248420715332,0,0,0,0,0
5.766211271286011,0,0,0,0,0
5.780697584152222,0,0,0,0,0
5.79293966293335,0,0,0,0,0
5.805566310882568,0,0,0,0,0
5.8124566078186035,0,0,0,0,0
5.818670988082886,0,0,0,0,0
5.838101148605347,0,0,0,0,0
5.851904392242432,0,0,0,0,0
5.867388010025024,0,0,0,0,0
5.875957250595093,0,0,0,0,0
5.883377313613892,0,0,0,0,0
5.897899627685547,0,0,0,0,0
5.909307956695557,0,0,0,0,0
5.916975021362305,0,0,0,0,0
5.932745695114136,0,0,0,0,0
5.945359230041504,0,0,0,0,0
5.957590579986572,0,0,0,0,0
5.968268632888794,0,0,0,0,0
5.979686975479126,0,0,0,0,0
5.992357969284058,0,0,0,0,0
6.001865386962891,0,0,0,0,0
6.00906229019165,0,0,0,0,0
6.026474714279175,0,0,0,0,0
6.040741205215454,0,0,0,0,0
6.047380685806274,0,0,0,0,0
6.057310104370117,0,0,0,0,0
6.070728778839111,0,0,0,0,0
6.077665567398071,0,0,0,0,0
6.09001350402832,0,0,0,0,0
6.103815793991089,0,0,0,0,0
6.113240718841553,0,0,0,0,0
6.12460732460022,0,0,0,0,0
6.138004541397095,0,0,0,0,0
6.145829916000366,0,0,0,0,0
6.156816482543945,0,0,0,0,0
6.168675184249878,0,0,0,0,0
6.180992841720581,0,0,0,0,0
6.2030017375946045,0,0,0,0,0
6.222277402877808,0,0,0,0,0
6.239784240722656,0,0,0,0,0
6.264010429382324,0,0,0,0,0
6.302497386932373,0,0,0,0,0
6.311230182647705,0,0,0,0,0
6.339032888412476,0,0,0,0,0
6.352396249771118,0,0,0,0,0
6.369330167770386,0,0,0,0,0
6.393844127655029,0,0,0,0,0
6.404032230377197,0,0,0,0,0
6.414736747741699,0,0,0,0,0
6.42608642578125,0,0,0,0,0
6.4361021518707275,0,0,0,0,0
6.456478834152222,0,0,0,0,0
6.46787166595459,0,0,0,0,0
6.483976125717163,0,0,0,0,0
6.49868106842041,0,0,0,0,0
6.515081167221069,0,0,0,0,0
6.526140928268433,0,0,0,0,0
6.537578105926514,0,0,0,0,0
6.555640697479248,0,0,0,0,0
6.575035572052002,0,0,0,0,0
6.5857017040252686,0,0,0,0,0
6.599325895309448,0,0,0,0,0
6.618049621582031,0,0,0,0,0
6.634284973144531,0,0,0,0,0
6.644356727600098,0,0,0,0,0
6.659363508224487,0,0,0,0,0
6.675294876098633,0,0,0,0,0
6.694642066955566,0,0,0,0,0
6.7090513706207275,0,0,0,0,0
6.72834587097168,0,0,0,0,0
6.75059962272644,0,0,0,0,0
6.759284973144531,0,0,0,0,0
6.7745201587677,0,0,0,0,0
6.788692951202393,0,0,0,0,0
6.821665287017822,0,0,0,0,0
6.833473205566406,0,0,0,0,0
6.852055311203003,0,0,0,0,0
6.870778322219849,0,0,0,0,0
6.887736082077026,0,0,0,0,0
6.903370380401611,0,0,0,0,0
6.920916795730591,0,0,0,0,0
6.935647249221802,0,0,0,0,0
6.951215028762817,0,0,0,0,0
6.965760946273804,0,0,0,0,0
6.97994589805603,0,0,0,0,0
6.990324974060059,0,0,0,0,0
7.004745244979858,1668,1668,3,40,0
7.0201709270477295,1204,1204,7,24,0
7.034222364425659,1684,1684,3,40,0
7.042723178863525,-71,-71,31,2232,7
7.052980899810791,139,139,47,56,3
7.064875841140747,-71,-71,31,2232,7
7.088495492935181,628,628,190,248,226
7.097966909408569,372,372,254,249,191
7.109204053878784,628,628,190,248,227
7.118606328964233,372,372,254,249,193
7.133053302764893,628,628,190,248,229
7.149705171585083,372,372,254,249,194
7.156957387924194,628,628,190,248,228
7.175643682479858,372,372,254,249,195
7.189456462860107,628,628,190,248,230
7.207244157791138,628,628,254,249,196
7.223305940628052,628,628,190,248,229
7.234142780303955,372,372,254,249,194
7.258625268936157,628,628,190,248,229
7.268224000930786,628,628,254,249,192
7.279821395874023,628,628,190,248,227
7.2933478355407715,628,628,190,248,229
7.3082780838012695,628,628,190,248,229
7.322011470794678,372,372,254,249,189
7.337632417678833,628,628,190,248,229
7.356527805328369,628,628,254,249,194
7.368374824523926,628,628,190,248,228
7.381894588470459,372,372,254,249,195
7.395724773406982,628,628,190,248,228
7.408783912658691,372,372,254,249,193
7.4222047328948975,628,628,190,248,230
7.432689905166626,372,372,254,249,193
7.444023370742798,628,628,190,248,226
7.458179235458374,372,372,254,249,195
7.474897861480713,628,628,190,248,229
7.488986968994141,628,628,190,248,230
7.500684022903442,372,372,254,249,194
7.514676094055176,628,628,190,248,226
7.527916193008423,372,372,254,249,194
7.545843601226807,628,628,190,248,228
7.5628767013549805,372,372,254,249,193
7.578590631484985,628,628,190,248,224
7.593705654144287,372,372,254,249,197
7.604843378067017,628,628,190,248,229
7.623477220535278,372,372,254,249,196
7.641812324523926,628,628,190,248,230
7.662973403930664,372,372,254,249,194
7.676871061325073,628,628,190,248,229
7.694207668304443,372,372,254,249,192
7.703295469284058,628,628,190,248,229
7.716730356216431,628,628,190,248,229
7.771054267883301,372,372,254,249,190
7.793949127197266,628,628,190,248,231
7.807422637939453,372,372,254,249,193
7.832818031311035,628,628,190,248,228
7.850533962249756,372,372,254,249,194
7.8666486740112305,628,628,190,248,225
7.88095760345459,372,372,254,249,195
7.896206855773926,628,628,190,248,226
7.914145469665527,372,372,254,249,198
7.929048299789429,628,628,190,248,230
7.939816951751709,372,372,254,249,196
7.954703092575073,628,628,190,248,230
7.965819358825684,628,628,190,248,230
7.980460166931152,372,372,254,249,196
7.990596055984497,628,628,190,248,227
8.005335807800293,372,372,254,249,194
8.020486831665039,628,628,190,248,230
8.041299104690552,372,372,254,249,193
8.048823356628418,628,628,190,248,228
8.064306497573853,372,372,254,249,196
8.077815055847168,628,628,190,248,230
8.091333866119385,372,372,254,249,190
8.104001998901367,628,628,190,248,226
8.121119737625122,372,372,254,249,192
8.137886762619019,628,628,190,248,228
8.158857822418213,372,372,254,249,195
8.169918060302734,628,628,190,248,228
8.180970668792725,628,628,190,248,226
8.206652164459229,372,372,254,249,196
8.22250747680664,628,628,190,248,229
8.237667560577393,372,372,254,249,193
8.251424551010132,628,628,190,248,225
8.265784978866577,372,372,254,249,191
8.2805917263031,628,628,190,248,227
8.296771764755249,372,372,254,249,195
8.313024759292603,628,628,190,248,225
8.329461336135864,372,372,254,249,193
8.348157405853271,628,628,190,248,230
8.363319396972656,372,372,254,249,193
8.380801439285278,628,628,190,248,225
8.391671895980835,628,628,190,248,231
8.416343212127686,372,372,254,249,196
8.429850339889526,628,628,190,248,228
8.4403395652771,372,372,254,249,194
8.452436923980713,628,628,190,248,226
8.474421501159668,372,372,254,249,195
8.490195274353027,628,628,190,248,231
8.504283666610718,372,372,254,249,193
8.517515659332275,628,628,190,248,230
8.533277750015259,372,372,254,249,197
8.54690957069397,628,628,190,248,228
8.563645362854004,372,372,254,249,193
8.579739332199097,628,628,190,248,229
8.60300898551941,372,372,254,249,195
8.621205568313599,628,628,190,248,225
8.635974884033203,628,628,190,248,230
8.646572828292847,372,372,254,249,195
8.662462711334229,628,628,190,248,230
8.689326047897339,372,372,254,249,191
8.70375394821167,628,628,190,248,228
8.71923542022705,372,372,254,249,193
8.743284225463867,628,628,190,248,229
8.760526180267334,372,372,254,249,194
8.777433633804321,628,628,190,248,228
8.796033382415771,372,372,254,249,194
8.811159133911133,628,628,190,248,228
8.835103511810303,628,628,190,248,228
8.85251784324646,372,372,254,249,192
8.872146368026733,628,628,190,248,223
8.886327266693115,372,372,254,249,196
8.902849435806274,628,628,190,248,226
8.925888299942017,628,628,254,249,194
8.94365906715393,628,628,190,248,227
8.961527824401855,372,372,254,249,196
9.030818223953247,628,628,190,248,230
9.05946946144104,372,372,254,249,195
9.081429719924927,628,628,190,248,229
9.097610235214233,372,372,254,249,195
9.1125328540802,628,628,190,248,227
9.129429578781128,372,372,254,249,196
9.14912462234497,628,628,190,248,227
9.161996364593506,628,628,190,248,228
9.179238557815552,372,372,254,249,192
9.199535131454468,628,628,190,248,227
9.215364694595337,372,372,254,249,196
9.233822584152222,628,628,190,248,227
9.245766401290894,372,372,254,249,195
9.26130986213684,628,628,190,248,227
9.276159524917603,372,372,254,249,196
9.295917510986328,628,628,190,248,225
9.302517652511597,372,372,254,249,194
9.321999788284302,628,628,190,248,229
9.337197303771973,372,372,254,249,197
9.352737426757812,628,628,190,248,226
9.372746467590332,372,372,254,249,195
9.383911371231079,628,628,190,248,230
9.407720565795898,628,628,190,248,229
9.425965309143066,372,372,254,249,192
9.446235656738281,628,628,190,248,228
9.459630727767944,372,372,254,249,192
9.476196527481079,628,628,190,248,223
9.493863105773926,372,372,254,249,195
9.51465129852295,628,628,190,248,227
9.533123254776001,372,372,254,249,189
9.549858570098877,628,628,190,248,226
9.564310789108276,372,372,254,249,197
9.580267190933228,628,628,190,248,228
9.602999925613403,372,372,254,249,194
9.621757984161377,628,628,190,248,228
9.639055252075195,372,372,254,249,194
9.655041933059692,628,628,190,248,224
9.672381401062012,372,372,254,249,195
9.688372373580933,628,628,190,248,228
9.709798574447632,372,372,254,249,191
9.723812580108643,628,628,190,248,227
9.74199628829956,372,372,254,249,195
9.755494832992554,628,628,190,248,226
9.773248195648193,372,372,254,249,194
9.786643743515015,628,628,190,248,226
9.80393671989441,372,372,254,249,196
9.81636118888855,628,628,190,248,229
9.834523677825928,372,372,254,249,195
9.848387241363525,628,628,190,248,227
9.863684177398682,628,628,190,248,226
9.880934715270996,372,372,254,249,193
9.89706563949585,628,628,190,248,228
9.91965937614441,372,372,254,249,192
9.935195207595825,628,628,190,248,230
9.95389175415039,628,628,254,249,193
9.967495679855347,628,628,190,248,228
9.987247228622437,372,372,254,249,197
9.998619079589844,628,628,190,248,227
10.015530109405518,372,372,254,249,192
10.033521175384521,628,628,190,248,227
10.04437780380249,372,372,254,249,193
10.06174921989441,628,628,190,248,225
10.076774597167969,372,372,254,249,190
10.097875833511353,628,628,190,248,228
10.11272382736206,372,372,254,249,195
10.130736112594604,628,628,190,248,230
10.143447160720825,372,372,254,249,190
10.160940170288086,628,628,190,248,226
10.174208402633667,372,372,254,249,194
10.19463062286377,628,628,190,248,228
10.218758821487427,372,372,254,249,196
10.260768175125122,628,628,190,248,228
10.286590576171875,372,372,254,249,192
10.303565502166748,628,628,190,248,229
10.316354274749756,372,372,254,249,196
10.333620071411133,628,628,190,248,228
10.348698139190674,628,628,190,248,225
10.37050724029541,372,372,254,249,193
10.386167049407959,628,628,190,248,227
10.402421712875366,372,372,254,249,192
10.41949462890625,628,628,190,248,228
10.435046195983887,372,372,254,249,193
10.451939582824707,628,628,190,248,230
10.46483588218689,372,372,254,249,198
10.482788562774658,628,628,190,248,229
10.495081663131714,372,372,254,249,192
10.512135744094849,628,628,190,248,227
10.529805898666382,372,372,254,249,194
10.54660439491272,628,628,190,248,227
10.56477165222168,372,372,254,249,194
10.582828283309937,628,628,190,248,227
10.601856708526611,628,628,190,248,225
10.615337610244751,372,372,254,249,197
10.633529663085938,628,628,190,248,226
10.64747142791748,372,372,254,249,196
10.664949655532837,628,628,190,248,228
10.679621934890747,372,372,254,249,195
10.698827981948853,628,628,190,248,228
10.712990999221802,372,372,254,249,195
10.735026359558105,628,628,190,248,228
10.752034664154053,372,372,254,249,194
10.766124248504639,372,372,254,249,194
10.782278776168823,628,628,190,248,230
10.797061681747437,372,372,254,249,197
10.815211057662964,628,628,190,248,232
10.830100536346436,372,372,254,249,193
10.849700689315796,628,628,190,248,229
10.864667892456055,372,372,254,249,192
10.885622262954712,628,628,190,248,226
10.902337551116943,372,372,254,249,196
10.915925979614258,628,628,190,248,228
10.932580709457397,372,372,254,249,198
10.947337865829468,628,628,190,248,231
10.962998151779175,372,372,254,249,193
10.97919511795044,628,628,190,248,226
11.001309633255005,372,372,254,249,196
11.016193151473999,628,628,190,248,230
11.03623080253601,628,628,190,248,229
11.054229974746704,372,372,254,249,191
11.069711923599243,628,628,190,248,229
11.091066122055054,372,372,254,249,195
11.112210035324097,628,628,190,248,227
11.128876686096191,372,372,254,249,194
11.143761396408081,628,628,190,248,228
11.158156633377075,372,372,254,249,196
11.17263388633728,628,628,190,248,231
11.18584156036377,372,372,254,249,195
11.2029390335083,628,628,190,248,228
11.21948790550232,372,372,254,249,192
11.243185758590698,628,628,190,248,227
11.260399580001831,372,372,254,249,192
11.27629041671753,628,628,190,248,231
11.291919231414795,628,628,190,248,227
11.307446718215942,372,372,254,249,193
11.329463720321655,628,628,190,248,227
11.342204570770264,372,372,254,249,197
11.357592821121216,628,628,190,248,226
11.422924041748047,372,372,254,249,191
11.473089456558228,628,628,190,248,229
11.49977159500122,372,372,254,249,193
11.519068241119385,628,628,190,248,231
11.54096269607544,372,372,254,249,193
11.556100606918335,628,628,190,248,229
11.569978952407837,372,372,254,249,196
11.584729433059692,628,628,190,248,231
11.60133695602417,372,372,254,249,195
11.617014169692993,628,628,190,248,228
11.636361360549927,628,628,190,248,231
11.652847528457642,372,372,254,249,193
11.67321252822876,628,628,190,248,227
11.690985679626465,372,372,254,249,196
11.70664381980896,628,628,190,248,230
11.725022554397583,372,372,254,249,195
11.740171670913696,628,628,190,248,228
11.756557703018188,372,372,254,249,193
11.782047271728516,628,628,190,248,229
11.797165155410767,372,372,254,249,197
11.81776213645935,628,628,190,248,230
11.833503007888794,372,372,254,249,196
11.849786043167114,628,628,190,248,229
11.869041681289673,628,628,190,248,228
11.886194705963135,628,628,190,248,225
11.900769233703613,372,372,254,249,194
11.918689966201782,628,628,190,248,229
11.932979345321655,372,372,254,249,192
11.947283267974854,628,628,190,248,230
11.966736078262329,372,372,254,249,196
11.984544277191162,628,628,190,248,231
12.004863500595093,372,372,254,249,196
12.022130489349365,628,628,190,248,228
12.037410497665405,372,372,254,249,193
12.053488731384277,628,628,190,248,227
12.070032119750977,372,372,254,249,192
12.086929082870483,628,628,190,248,223
12.101737976074219,628,628,190,248,228
12.121807098388672,372,372,254,249,194
12.139108180999756,628,628,190,248,230
12.155510187149048,372,372,254,249,195
12.17503046989441,628,628,190,248,228
12.188419342041016,372,372,254,249,197
12.202271461486816,628,628,190,248,231
12.222339868545532,372,372,254,249,194
12.24101209640503,628,628,190,248,225
12.259881258010864,372,372,254,249,196
12.274826765060425,628,628,190,248,228
12.291284799575806,372,372,254,249,193
12.306604385375977,628,628,190,248,227
12.32662057876587,372,372,254,249,191
12.341224908828735,628,628,190,248,231
12.359560012817383,628,628,190,248,227
12.380157709121704,372,372,254,249,196
12.396221399307251,628,628,190,248,230
12.412625789642334,372,372,254,249,192
12.4271399974823,628,628,190,248,226
12.443664073944092,372,372,254,249,194
12.470352172851562,628,628,190,248,228
12.486906290054321,372,372,254,249,197
12.50497055053711,628,628,190,248,227
12.52077031135559,372,372,254,249,193
12.541615724563599,628,628,190,248,230
12.56418776512146,372,372,254,249,197
12.630440473556519,628,628,190,248,226
12.658708333969116,628,628,190,248,227
12.674503564834595,372,372,254,249,191
12.690025806427002,628,628,190,248,229
12.704580783843994,372,372,254,249,193
12.732384204864502,628,628,190,248,226
12.748224020004272,372,372,254,249,194
12.76348352432251,628,628,190,248,229
12.778629302978516,372,372,254,249,197
12.792153358459473,628,628,190,248,228
12.81093978881836,372,372,254,249,193
12.823012828826904,628,628,190,248,228
12.840810298919678,372,372,254,249,191
12.852769374847412,628,628,190,248,227
12.869625329971313,372,372,254,249,196
12.88319993019104,628,628,190,248,226
12.897885799407959,628,628,190,248,228
12.914511680603027,628,628,254,249,194
12.929279804229736,628,628,190,248,227
12.94612193107605,372,372,254,249,196
12.965984344482422,628,628,190,248,228
12.980971336364746,372,372,254,249,195
12.997968196868896,628,628,190,248,230
13.013338327407837,628,628,254,249,195
13.030669450759888,628,628,190,248,228
13.047134160995483,372,372,254,249,196
13.065685033798218,628,628,190,248,225
13.089377880096436,372,372,254,249,194
13.108133554458618,628,628,190,248,230
13.121949195861816,372,372,254,249,196
13.134833335876465,628,628,190,248,231
13.152058362960815,628,628,190,248,229
13.169653177261353,628,628,254,249,195
13.188005447387695,628,628,190,248,226
13.205486297607422,372,372,254,249,194
13.218627214431763,628,628,190,248,232
13.233477592468262,372,372,254,249,196
13.249662160873413,628,628,190,248,229
13.26456069946289,628,628,254,249,196
13.279473066329956,628,628,190,248,229
13.301083087921143,628,628,254,249,194
13.318677425384521,628,628,190,248,225
13.340279340744019,628,628,254,249,194
13.353589057922363,628,628,190,248,229
13.36970567703247,628,628,190,248,227
13.384784460067749,372,372,254,249,193
13.408294916152954,372,372,254,249,193
13.428659915924072,628,628,190,248,226
13.444676876068115,628,628,190,248,229
13.458608150482178,372,372,254,249,194
13.481426477432251,628,628,190,248,231
13.497824907302856,372,372,254,249,192
13.514750480651855,628,628,190,248,231
13.53076982498169,372,372,254,249,192
13.549160957336426,628,628,190,248,229
13.566206216812134,372,372,254,249,194
13.582159996032715,628,628,190,248,228
13.595872163772583,372,372,254,249,193
13.61013126373291,628,628,190,248,229
13.634787797927856,628,628,190,248,228
13.665382862091064,372,372,254,249,193
13.711694955825806,628,628,190,248,229
13.732174634933472,372,372,254,249,195
13.74965214729309,628,628,190,248,227
13.766417503356934,372,372,254,249,196
13.78067135810852,628,628,190,248,226
13.794939756393433,372,372,254,249,193
13.812296628952026,628,628,190,248,224
13.828723907470703,372,372,254,249,194
13.853900671005249,628,628,190,248,232
13.866058588027954,372,372,254,249,193
13.881125211715698,628,628,190,248,228
13.89661431312561,372,372,254,249,193
13.916014909744263,628,628,190,248,229
13.933407306671143,628,628,190,248,229
13.949695587158203,372,372,254,249,194
13.973109483718872,628,628,190,248,226
13.987958669662476,372,372,254,249,196
14.00500750541687,628,628,190,248,230
14.023356199264526,372,372,254,249,191
14.042037963867188,628,628,190,248,227
14.064828872680664,372,372,254,249,195
14.093448638916016,628,628,190,248,230
14.111457109451294,372,372,254,249,191
14.136512279510498,628,628,190,248,229
14.157986164093018,372,372,254,249,195
14.183685779571533,628,628,190,248,227
14.200811624526978,628,628,190,248,227
14.217424631118774,628,628,190,248,227
14.236312627792358,372,372,254,249,197
14.250463962554932,628,628,190,248,231
14.265870332717896,372,372,254,249,195
14.279491424560547,628,628,190,248,230
14.293772459030151,372,372,254,249,193
14.311497449874878,628,628,190,248,225
14.332145929336548,628,628,254,249,196
14.346858263015747,628,628,190,248,229
14.365957260131836,372,372,254,249,194
14.38349175453186,628,628,190,248,229
14.40035629272461,372,372,254,249,194
14.41878080368042,628,628,190,248,229
14.445348501205444,628,628,190,248,230
14.46976613998413,372,372,254,249,194
14.486443519592285,628,628,190,248,227
14.502178430557251,372,372,254,249,195
14.517564296722412,628,628,190,248,229
14.53943657875061,372,372,254,249,191
14.564328908920288,628,628,190,248,229
14.581813097000122,372,372,254,249,197
14.598008632659912,0,0,0,0,0
14.61278748512268,0,0,0,0,0
14.637331485748291,3732,3732,3,40,0
14.65336012840271,3748,3748,3,40,0
14.67451786994934,2484,2484,7,24,0
14.69527292251587,147,147,47,56,3
14.720726728439331,-66,-66,31,2232,7
14.740664958953857,147,147,47,56,3
14.756595134735107,-129,-129,186,1015,254
14.811573266983032,-109,-109,18,1272,253
14.851153135299683,-129,-129,198,1527,254
14.865447521209717,-109,-109,14,504,253
14.883629322052002,-129,-129,198,1783,254
14.907854795455933,-129,-129,182,1527,254
14.923808574676514,-109,-109,18,248,253
14.941143035888672,-129,-129,198,759,254
14.95839786529541,-109,-109,34,1272,253
14.973397016525269,-129,-129,190,1527,254
14.991747856140137,-109,-109,22,1016,253
15.007375478744507,-129,-129,190,2039,254
15.03378939628601,-109,-109,26,760,253
15.052931308746338,-129,-129,202,1783,254
15.069637060165405,-109,-109,30,760,253
15.090294122695923,-129,-129,202,1015,254
15.114057540893555,-109,-109,38,760,253
15.129420518875122,-129,-129,210,1527,254
15.154306888580322,-129,-129,190,1271,254
15.170109748840332,-109,-109,26,1016,253
15.197881937026978,-129,-129,186,1783,254
15.21576738357544,-109,-109,34,760,253
15.235703706741333,-129,-129,186,1527,254
15.25839114189148,-109,-109,30,1016,253
15.275822877883911,-129,-129,202,1271,254
15.291743755340576,-109,-109,22,-8,253
15.307857513427734,-129,-129,190,1271,254
15.32856273651123,-109,-109,26,248,253
15.353667974472046,-129,-129,198,1015,254
15.372648477554321,-109,-109,34,760,253
15.3976149559021,-129,-129,190,1527,253
15.411048650741577,-109,-109,30,1016,253
15.439677715301514,-129,-129,186,1527,254
15.454197406768799,-129,-129,190,1527,254
15.472663164138794,-109,-109,26,504,253
15.484281539916992,-129,-129,198,1783,254
15.502227306365967,-109,-109,18,248,253
15.522155523300171,-129,-129,206,1271,254
15.538698673248291,-109,-109,34,760,253
15.55938982963562,-129,-129,190,1783,254
15.574939250946045,-109,-109,30,248,253
15.590862035751343,-129,-129,202,1783,254
15.614093542098999,-109,-109,38,248,253
15.628489017486572,-129,-129,198,1527,254
15.651986837387085,-109,-109,30,-8,253
15.667906284332275,-129,-129,198,1527,254
15.684016942977905,-109,-109,30,1016,253
15.708199977874756,-129,-129,194,503,253
15.724182367324829,-129,-129,182,2039,254
15.740132570266724,-109,-109,30,1016,253
15.758003950119019,-129,-129,194,1527,254
15.784615516662598,-109,-109,26,248,253
15.801692485809326,-129,-129,194,1527,254
15.82353949546814,-109,-109,22,1016,253
15.845203161239624,-129,-129,182,2039,254
15.856902837753296,-109,-109,14,1016,253
15.931548833847046,-129,-129,190,1015,254
15.943840980529785,-109,-109,22,1528,253
15.968727827072144,-129,-129,186,2295,254
15.982793092727661,-109,-109,30,3832,253
15.998403072357178,-129,-129,190,1527,254
16.013364791870117,-129,-129,194,1015,254
16.03729486465454,-129,-129,194,2295,254
16.05657196044922,-109,-109,26,760,253
16.072028398513794,-129,-129,206,1271,254
16.08958673477173,-109,-109,22,504,253
16.10573434829712,-129,-129,178,1271,254
16.121121644973755,-109,-109,22,760,253
16.137267112731934,-129,-129,194,1271,254
16.162935256958008,-109,-109,26,1016,253
16.179589986801147,-129,-129,186,1783,254
16.198067903518677,-109,-109,26,248,253
16.220810890197754,-129,-129,190,1015,254
16.233927011489868,-109,-109,26,248,253
16.257450580596924,-129,-129,194,1527,254
16.271848678588867,-129,-129,186,1015,254
16.287454843521118,-109,-109,22,504,253
16.302515029907227,-129,-129,194,1015,254
16.323633909225464,-109,-109,38,504,253
16.336737155914307,-129,-129,202,2551,253
16.35998773574829,-109,-109,22,3832,253
16.3724365234375,-129,-129,194,1783,254
16.398985147476196,-109,-109,34,760,253
16.4203097820282,-129,-129,182,2551,254
16.439299821853638,-109,-109,38,504,253
16.46651268005371,-129,-129,186,2039,254
16.482417345046997,-109,-109,26,1016,253
16.49922490119934,-129,-129,194,1783,253
16.51474142074585,-109,-109,30,504,253
16.532495737075806,-129,-129,194,1527,253
16.555675983428955,-129,-129,190,1527,254
16.582401752471924,-109,-109,26,760,253
16.599150896072388,-129,-129,186,1527,254
16.613457202911377,-109,-109,34,1272,253
16.63271713256836,-129,-129,194,1783,254
16.652942895889282,-109,-109,14,504,253
16.667000770568848,-129,-129,198,1527,254
16.68464183807373,-109,-109,30,504,253
16.699132919311523,-129,-129,194,1015,254
16.730695724487305,-109,-109,26,760,253
16.744258880615234,-129,-129,186,1527,254
16.768943786621094,-109,-109,30,760,253
16.786132097244263,-129,-129,194,1271,253
16.80162286758423,-129,-129,178,759,254
16.81739115715027,-109,-109,26,1272,253
16.833980321884155,-129,-129,194,2039,254
16.8531014919281,-109,-109,26,504,253
16.869420289993286,-129,-129,190,1783,254
16.889692544937134,-109,-109,22,504,253
16.9065945148468,-129,-129,178,2551,254
16.970280408859253,-109,-109,26,504,253
16.98678755760193,-129,-129,198,1271,254
17.01252818107605,-109,-109,50,504,253
17.031519412994385,-129,-129,190,1015,254
17.04865527153015,-109,-109,30,760,253
17.067233085632324,-129,-129,198,1271,254
17.081556797027588,-109,-109,38,760,253
17.102529048919678,-129,-129,178,2295,254
17.12581443786621,-129,-129,190,1271,253
17.142521142959595,-109,-109,26,760,253
17.159592628479004,-129,-129,198,1783,254
17.185276746749878,-109,-109,22,1016,253
17.205374717712402,-129,-129,194,1527,254
17.217291831970215,-109,-109,34,504,253
17.23539972305298,-129,-129,190,1015,254
17.24654483795166,-109,-109,10,504,253
17.270164728164673,-129,-129,190,1783,254
17.29118323326111,-109,-109,22,504,253
17.310120582580566,-129,-129,190,2039,254
17.33482313156128,-109,-109,30,1272,253
17.358771800994873,-129,-129,198,1271,254
17.38349747657776,-109,-109,26,1272,253
17.4026620388031,-129,-129,194,1527,253
17.433003187179565,-129,-129,202,1783,254
17.452805757522583,-109,-109,38,1528,253
17.465734720230103,-129,-129,198,2039,254
17.48827862739563,-109,-109,30,504,253
17.506211519241333,-129,-129,190,2039,254
17.519303560256958,-109,-109,26,-8,253
17.534714460372925,-129,-129,194,2039,254
17.556370496749878,-109,-109,26,1016,253
17.573110580444336,-129,-129,190,1527,254
17.5954430103302,-109,-109,38,1016,253
17.612110376358032,-129,-129,182,1271,254
17.631317853927612,-109,-109,22,760,253
17.647911310195923,-129,-129,190,1015,254
17.666110515594482,-129,-129,206,1783,254
17.692512035369873,-109,-109,30,-8,253
17.710594654083252,-129,-129,186,1527,254
17.734272480010986,-109,-109,34,504,253
17.75273370742798,-129,-129,190,1783,254
17.77571702003479,-109,-109,18,504,253
17.79621982574463,-129,-129,190,2295,254
17.815855503082275,-109,-109,10,1016,253
17.838040351867676,-129,-129,174,1271,254
17.855886697769165,-109,-109,30,760,253
17.876044034957886,-129,-129,190,1271,254
17.891117572784424,-109,-109,38,504,253
17.915456771850586,-129,-129,186,1271,254
17.9295871257782,-109,-109,30,760,253
17.957533836364746,-129,-129,194,2807,254
17.98831009864807,-129,-129,194,1271,254
18.047630071640015,-109,-109,30,-8,253
18.070973873138428,-129,-129,194,1271,253
18.101346254348755,-109,-109,30,-8,253
18.12144374847412,-129,-129,198,2039,254
18.14747166633606,-109,-109,26,1272,253
18.165886640548706,-129,-129,186,1015,254
18.19772696495056,-109,-109,38,504,253
18.21803069114685,-129,-129,190,1783,254
18.24383854866028,-109,-109,30,504,253
18.259337425231934,-129,-129,194,1527,254
18.277989149093628,-109,-109,18,1272,253
18.304274559020996,-129,-129,194,1527,254
18.32560420036316,-109,-109,30,1016,253
18.34205913543701,-129,-129,190,1015,254
18.35775351524353,-129,-129,190,1527,254
18.381725311279297,-109,-109,26,-8,253
18.39862298965454,-129,-129,190,1015,254
18.427136659622192,-109,-109,26,760,253
18.448415756225586,-129,-129,194,1527,254
18.472623109817505,-109,-109,34,248,253
18.494049787521362,-129,-129,198,1783,254
18.51751947402954,-109,-109,34,248,253
18.537044286727905,-129,-129,190,1783,254
18.56646156311035,-109,-109,26,1272,253
18.5829758644104,-129,-129,182,2039,254
18.600701570510864,-109,-109,26,504,253
18.62475562095642,-129,-129,178,1783,254
18.645699501037598,-129,-129,182,2039,254
18.66525959968567,-109,-109,22,248,253
18.689865112304688,-109,-109,30,1784,253
18.71176528930664,-129,-129,178,2295,254
18.738479137420654,-109,-109,22,3832,253
18.753975868225098,-129,-129,202,503,254
18.772881269454956,-109,-109,30,760,253
18.79434895515442,-129,-129,198,1783,253
18.81135392189026,-109,-109,22,1016,253
18.826810836791992,-129,-129,190,759,254
18.851553916931152,-109,-109,18,1272,253
18.87729573249817,-129,-129,194,1527,254
18.893833875656128,-109,-109,30,1016,253
18.919522285461426,-129,-129,182,1015,254
18.940710067749023,-129,-129,186,2295,254
18.956421375274658,-109,-109,18,1016,253
18.98127818107605,-129,-129,198,1783,253
19.001292943954468,-109,-109,34,1784,253
19.02804446220398,-129,-129,190,1015,254
19.04992938041687,-109,-109,22,504,253
19.07564377784729,-129,-129,186,1015,254
19.093998193740845,-109,-109,34,1272,253
19.153287887573242,-129,-129,190,1783,254
19.183527946472168,-109,-109,22,1272,253
19.205425024032593,-129,-129,198,2039,254
19.23073720932007,-109,-109,30,760,253
19.25193977355957,-129,-129,198,1783,254
19.278245210647583,-109,-109,10,1272,253
19.29828977584839,-129,-129,194,2039,254
19.325122117996216,-129,-129,194,2039,253
19.345978021621704,-109,-109,26,248,253
19.37169098854065,-129,-129,194,503,254
19.38862919807434,-109,-109,30,2040,253
19.41779065132141,-129,-129,198,759,254
19.436007022857666,-109,-109,30,504,253
19.467025995254517,-129,-129,194,1271,254
19.489593029022217,-109,-109,38,-8,253
19.505979299545288,-129,-129,194,759,254
19.53304123878479,-109,-109,22,504,253
19.55833411216736,-129,-129,194,1015,254
19.57756233215332,-109,-109,34,760,253
19.603503227233887,-129,-129,194,759,254
19.626694202423096,-109,-109,22,760,253
19.648794412612915,-129,-129,190,503,254
19.66673445701599,-109,-109,34,504,253
19.689079761505127,-129,-129,186,1527,253
19.71180486679077,-109,-109,26,1016,253
19.73411726951599,-129,-129,190,1527,254
19.757830142974854,-109,-109,30,504,253
19.789618730545044,-129,-129,194,1015,254
19.807936429977417,-109,-109,14,1272,253
19.835315465927124,-129,-129,190,2295,254
19.857829332351685,-109,-109,18,504,253
19.88690757751465,-129,-129,194,1783,254
19.91608953475952,-109,-109,26,248,253
19.944436073303223,-129,-129,198,1015,254
19.983255624771118,-129,-129,186,1015,254
20.005037546157837,-129,-129,194,2295,254
20.03528332710266,-109,-109,14,760,253
20.062366008758545,-133,-133,190,1783,254
20.08921456336975,-109,-109,18,1528,253
20.11097741127014,-129,-129,174,2295,254
20.139888048171997,-109,-109,30,2040,253
20.164498567581177,-129,-129,198,1271,254
20.181304454803467,-109,-109,26,1016,253
20.20897603034973,-129,-129,186,1271,254
20.228588342666626,-109,-109,34,1016,253
20.25256872177124,-129,-129,198,2295,254
20.272953510284424,-109,-109,26,504,253
20.29985785484314,-129,-129,190,1783,254
20.321318864822388,-129,-129,198,2039,254
20.395943880081177,-109,-109,30,-8,253
20.429115056991577,-129,-129,194,1783,254
20.44386601448059,-109,-109,42,760,253
20.471272468566895,-109,-109,38,504,253
20.49407696723938,-129,-129,186,1271,254
20.52099633216858,-109,-109,30,248,253
20.544156312942505,-129,-129,194,1271,254
20.566794872283936,-109,-109,30,1016,253
20.590671062469482,-129,-129,194,2295,254
20.614086866378784,-109,-109,30,504,253
20.639888048171997,-129,-129,174,2039,254
20.660747528076172,-109,-109,14,760,253
20.689431190490723,-129,-129,190,1783,254
20.707735538482666,-129,-129,198,1527,254
20.73558735847473,-109,-109,26,248,253
20.758301258087158,-129,-129,194,1783,254
20.783411264419556,-109,-109,18,248,253
20.805997848510742,-129,-129,186,2039,253
20.832765817642212,-109,-109,26,504,253
20.859872341156006,-129,-129,158,3063,254
20.885732173919678,-109,-109,30,1016,253
20.91416335105896,-129,-129,194,1527,254
20.9453547000885,-109,-109,22,760,253
20.971946477890015,-129,-129,194,1015,254
21.00007724761963,-109,-109,14,504,253
21.02032494544983,-129,-129,198,1271,254
21.04096269607544,-129,-129,194,1783,254
21.064048051834106,-109,-109,22,504,253
21.087209939956665,-129,-129,210,1015,254
21.11189603805542,-109,-109,22,1016,253
21.134460926055908,-129,-129,198,503,254
21.1604220867157,-109,-109,34,1528,253
21.184776306152344,-129,-129,178,1527,254
21.208252429962158,-109,-109,22,504,253
21.237840175628662,-129,-129,186,1271,254
21.263850450515747,-109,-109,18,3832,253
21.29162049293518,-129,-129,194,1527,254
21.320985078811646,-109,-109,26,504,253
21.345522165298462,-129,-129,198,1783,254
21.367876529693604,-109,-109,18,1272,253
21.396924257278442,-129,-129,194,1271,254
21.42189860343933,-129,-129,198,2039,254
21.447462797164917,-109,-109,42,1272,253
21.476951360702515,-129,-129,198,1015,254
21.503634929656982,-109,-109,30,248,253
21.52605390548706,-129,-129,210,759,254
21.56134796142578,-109,-109,26,760,253
21.619940996170044,-129,-129,210,1271,254
21.66002893447876,-109,-109,22,1016,253
21.682913064956665,-109,-109,18,1016,253
21.70666742324829,-129,-129,186,2039,254
21.73123335838318,-109,-109,18,1784,253
21.75923752784729,-129,-129,198,1527,254
21.786191701889038,-129,-129,198,1527,254
21.809799194335938,-109,-109,22,1016,253
21.840713500976562,-129,-129,206,1527,254
21.86130404472351,-109,-109,34,248,253
21.8826425075531,-129,-129,194,1527,254
21.904419898986816,-109,-109,34,1016,253
21.9219708442688,-129,-129,190,759,254
21.947340965270996,-109,-109,30,1272,253
21.969639539718628,-129,-129,210,1783,254
21.99204659461975,-109,-109,30,1272,253
22.012754440307617,-129,-129,198,2039,254
22.02942442893982,-109,-109,34,504,253
22.054702043533325,-129,-129,202,2039,254
22.076621294021606,-109,-109,22,504,253
22.10342311859131,-129,-129,190,1271,254
22.124165534973145,-129,-129,198,1783,254
22.14701247215271,-109,-109,42,760,253
22.170050621032715,-129,-129,186,1271,254
22.199928045272827,-109,-109,30,504,253
22.22233271598816,-129,-129,190,2039,254
22.24663281440735,-109,-109,26,1272,253
22.27155590057373,-129,-129,194,1783,254
22.293599843978882,-109,-109,34,504,253
22.32570481300354,-129,-129,194,1271,254
22.351754188537598,-109,-109,22,1016,253
22.381059408187866,-129,-129,194,1271,254
22.412156343460083,-109,-109,22,-8,253
22.43889284133911,-129,-129,190,1015,254
22.464756727218628,372,372,254,249,194
22.490973711013794,628,628,190,248,230
22.513649702072144,372,372,254,249,194
22.54011631011963,3555,3555,14,2039,249
22.56474804878235,1700,1700,79,2039,9
22.58857750892639,3219,3219,46,1015,237
22.610999822616577,3779,3779,47,2039,7
22.640923500061035,3396,3396,46,2039,251
22.666167736053467,3284,3284,254,3062,249
22.69209313392639,3443,3443,30,1015,249
22.7241268157959,3507,3507,238,2038,253
22.80174446105957,3459,3459,238,1014,246
22.824788570404053,163,163,78,4087,250
22.852495431900024,2756,2756,207,1992,66
22.87632989883423,483,483,143,1802,240
22.90681529045105,1971,1971,160,2712,34
22.9328396320343,2275,2275,46,2759,149
22.958014488220215,802,802,92,856,117
22.986135005950928,757,757,14,1038,130
23.010183095932007,3909,3909,191,77,29
23.036096572875977,-107,-107,127,1125,13
23.062091827392578,3861,3861,47,1135,101
23.083915948867798,1396,1396,79,1124,85
23.107961177825928,3732,3732,63,71,87
23.130127429962158,3875,3875,207,3130,91
23.15346121788025,115,115,191,2100,38
23.175535917282104,2164,2164,79,3066,45
23.203152179718018,403,403,111,2045,1
23.233867168426514,2594,2594,207,3059,96
23.258359670639038,1858,1858,159,1999,149
23.2793607711792,866,866,47,1998,100
23.297531127929688,2130,2130,111,3047,127
23.32443332672119,322,322,46,4083,223
23.34435772895813,3619,3619,15,1013,22
23.361642837524414,451,451,239,2040,44
23.387536764144897,3540,3540,79,2033,54
23.408364295959473,2869,2869,31,2029,34
23.434621334075928,902,902,223,4064,91
23.451843738555908,3397,3397,143,2006,59
23.48047637939453,372,372,158,3043,251
23.497827291488647,532,532,47,4081,23
23.514109134674072,403,403,95,4082,28
23.538034677505493,1683,1683,63,1009,28
23.567956686019897,2323,2323,15,3055,28
23.589656352996826,1923,1923,223,1004,14
23.61921215057373,2115,2115,95,4078,27
23.637373208999634,452,452,223,4077,23
23.664742946624756,1508,1508,143,2029,13
23.684155464172363,3123,3123,79,4077,16
23.70682644844055,3763,3763,207,1001,26
23.7289297580719,324,324,95,4066,19
23.751368045806885,1652,1652,223,989,3
23.785330295562744,1652,1652,143,985,1
23.808990955352783,2467,2467,78,4057,251
23.833584547042847,1636,1636,158,2016,249
23.889071464538574,3683,3683,254,3041,243
23.92788338661194,532,532,14,2016,245
23.951123237609863,2084,2084,30,3038,239
23.973774909973145,1348,1348,94,991,216
24.005723237991333,1940,1940,78,2011,217
24.031471252441406,500,500,222,4047,228
24.056598663330078,3540,3540,78,965,218
24.084242582321167,1124,1124,46,3006,214
24.10511064529419,1716,1716,142,4022,194
24.133810997009277,276,276,46,4017,189
24.149601936340332,2980,2980,126,2995,188
24.178248405456543,1764,1764,126,4033,173
24.20329189300537,3172,3172,158,3024,153
24.228301763534546,3636,3636,190,3031,162
24.249594688415527,1412,1412,46,986,152
24.271453142166138,3204,3204,30,990,153
24.29163932800293,1811,1811,158,2018,143
24.316933155059814,1507,1507,78,4069,145
24.335296630859375,3139,3139,238,3043,141
24.36200475692749,2291,2291,62,997,135
24.383243560791016,931,931,206,4077,121
24.40780210494995,1924,1924,78,3062,115
24.425018072128296,2083,2083,30,1021,119
24.4487943649292,1011,1011,238,3076,109
24.47274684906006,3731,3731,30,3092,111
24.49921178817749,35,35,78,28,133
24.518310070037842,547,547,78,2083,125
24.546881914138794,243,243,62,1073,165
24.564542770385742,1651,1651,254,60,228
24.595877170562744,2771,2771,206,77,192
24.622611045837402,3491,3491,174,93,176
24.644634008407593,1411,1411,30,2143,190
24.670671701431274,371,371,206,3164,193
24.689595222473145,2163,2163,94,80,216
24.712575674057007,1603,1603,79,1087,19
24.738235473632812,435,435,207,52,-1
24.763132095336914,3603,3603,238,58,242
24.7815899848938,1619,1619,191,2105,43
24.80368947982788,1316,1316,31,2092,81
24.827436923980713,1508,1508,31,2070,103
24.849952936172485,1811,1811,223,4079,115
24.873981475830078,3251,3251,46,3064,249
24.897156476974487,3140,3140,207,3071,46
24.92063069343567,1780,1780,-1,-7,21
24.99683666229248,3411,3411,175,2038,37
25.029746532440186,1812,1812,95,1014,47
25.058383226394653,164,164,15,2038,44
25.08429217338562,2180,2180,191,1013,40
25.108152627944946,1460,1460,95,2038,48
25.13162136077881,3604,3604,63,4085,48
25.15531086921692,1684,1684,15,2026,75
25.17952299118042,3011,3011,127,992,47
25.206275463104248,-77,-77,95,4077,19
25.235080242156982,1828,1828,222,3052,220
25.262977123260498,388,388,239,3048,57
25.290924072265625,2179,2179,111,4066,26
25.30906629562378,883,883,31,4069,21
25.3402202129364,115,115,63,3049,26
25.367983102798462,3635,3635,207,4072,13
25.3945152759552,2499,2499,175,3055,9
25.422496795654297,2675,2675,-1,3054,28
25.446794033050537,2547,2547,175,4070,21
25.465165853500366,2835,2835,127,997,18
25.492056846618652,579,579,111,990,31
25.51127028465271,1123,1123,206,3031,251
25.53574228286743,3652,3652,46,3046,225
25.5603449344635,595,595,110,1005,236
25.587191104888916,867,867,223,2033,2
25.61226725578308,3475,3475,143,1003,6
25.640953063964844,2483,2483,126,2021,247
25.665815591812134,1348,1348,62,2025,236
25.692440032958984,3060,3060,110,1003,231
25.716328859329224,3700,3700,30,2031,229
